{"CLASSIFICATION_JOB": {"categories": [{"confidence": 100, "name": "YES"}]}, "OBJECT_DETECTION_JOB": {"annotations": [{"boundingPoly": [{"normalizedVertices": [{"x": 0.48, "y": 0.044}, {"x": 0.478, "y": 0.046}, {"x": 0.464, "y": 0.046}, {"x": 0.462, "y": 0.048}, {"x": 0.456, "y": 0.048}, {"x": 0.454, "y": 0.05}, {"x": 0.446, "y": 0.05}, {"x": 0.444, "y": 0.052}, {"x": 0.436, "y": 0.052}, {"x": 0.434, "y": 0.054}, {"x": 0.426, "y": 0.054}, {"x": 0.424, "y": 0.056}, {"x": 0.422, "y": 0.056}, {"x": 0.42, "y": 0.058}, {"x": 0.414, "y": 0.058}, {"x": 0.412, "y": 0.06}, {"x": 0.404, "y": 0.06}, {"x": 0.402, "y": 0.062}, {"x": 0.396, "y": 0.062}, {"x": 0.394, "y": 0.064}, {"x": 0.39, "y": 0.064}, {"x": 0.388, "y": 0.066}, {"x": 0.384, "y": 0.066}, {"x": 0.382, "y": 0.068}, {"x": 0.376, "y": 0.068}, {"x": 0.374, "y": 0.07}, {"x": 0.368, "y": 0.07}, {"x": 0.366, "y": 0.072}, {"x": 0.364, "y": 0.072}, {"x": 0.362, "y": 0.074}, {"x": 0.358, "y": 0.074}, {"x": 0.356, "y": 0.076}, {"x": 0.348, "y": 0.076}, {"x": 0.346, "y": 0.078}, {"x": 0.342, "y": 0.078}, {"x": 0.34, "y": 0.08}, {"x": 0.336, "y": 0.08}, {"x": 0.334, "y": 0.082}, {"x": 0.332, "y": 0.082}, {"x": 0.33, "y": 0.084}, {"x": 0.326, "y": 0.084}, {"x": 0.324, "y": 0.086}, {"x": 0.32, "y": 0.086}, {"x": 0.318, "y": 0.088}, {"x": 0.316, "y": 0.088}, {"x": 0.314, "y": 0.09}, {"x": 0.312, "y": 0.09}, {"x": 0.31, "y": 0.092}, {"x": 0.306, "y": 0.092}, {"x": 0.304, "y": 0.094}, {"x": 0.302, "y": 0.094}, {"x": 0.3, "y": 0.096}, {"x": 0.298, "y": 0.096}, {"x": 0.296, "y": 0.098}, {"x": 0.294, "y": 0.098}, {"x": 0.292, "y": 0.1}, {"x": 0.288, "y": 0.1}, {"x": 0.286, "y": 0.102}, {"x": 0.284, "y": 0.102}, {"x": 0.282, "y": 0.104}, {"x": 0.28, "y": 0.104}, {"x": 0.278, "y": 0.106}, {"x": 0.276, "y": 0.106}, {"x": 0.274, "y": 0.108}, {"x": 0.272, "y": 0.108}, {"x": 0.27, "y": 0.11}, {"x": 0.268, "y": 0.11}, {"x": 0.266, "y": 0.112}, {"x": 0.264, "y": 0.112}, {"x": 0.262, "y": 0.114}, {"x": 0.26, "y": 0.114}, {"x": 0.258, "y": 0.116}, {"x": 0.256, "y": 0.116}, {"x": 0.254, "y": 0.118}, {"x": 0.252, "y": 0.118}, {"x": 0.248, "y": 0.122}, {"x": 0.246, "y": 0.122}, {"x": 0.244, "y": 0.124}, {"x": 0.242, "y": 0.124}, {"x": 0.238, "y": 0.128}, {"x": 0.236, "y": 0.128}, {"x": 0.234, "y": 0.13}, {"x": 0.232, "y": 0.13}, {"x": 0.23, "y": 0.132}, {"x": 0.228, "y": 0.132}, {"x": 0.224, "y": 0.136}, {"x": 0.222, "y": 0.136}, {"x": 0.218, "y": 0.14}, {"x": 0.216, "y": 0.14}, {"x": 0.214, "y": 0.142}, {"x": 0.212, "y": 0.142}, {"x": 0.208, "y": 0.146}, {"x": 0.206, "y": 0.146}, {"x": 0.204, "y": 0.148}, {"x": 0.202, "y": 0.148}, {"x": 0.198, "y": 0.152}, {"x": 0.196, "y": 0.152}, {"x": 0.19, "y": 0.158}, {"x": 0.188, "y": 0.158}, {"x": 0.178, "y": 0.168}, {"x": 0.176, "y": 0.168}, {"x": 0.146, "y": 0.198}, {"x": 0.146, "y": 0.2}, {"x": 0.106, "y": 0.24}, {"x": 0.106, "y": 0.242}, {"x": 0.1, "y": 0.248}, {"x": 0.1, "y": 0.25}, {"x": 0.096, "y": 0.254}, {"x": 0.096, "y": 0.256}, {"x": 0.092, "y": 0.26}, {"x": 0.092, "y": 0.262}, {"x": 0.09, "y": 0.264}, {"x": 0.09, "y": 0.266}, {"x": 0.084, "y": 0.272}, {"x": 0.084, "y": 0.274}, {"x": 0.082, "y": 0.276}, {"x": 0.082, "y": 0.278}, {"x": 0.08, "y": 0.28}, {"x": 0.08, "y": 0.282}, {"x": 0.078, "y": 0.284}, {"x": 0.078, "y": 0.286}, {"x": 0.076, "y": 0.288}, {"x": 0.076, "y": 0.29}, {"x": 0.074, "y": 0.292}, {"x": 0.074, "y": 0.294}, {"x": 0.072, "y": 0.296}, {"x": 0.072, "y": 0.298}, {"x": 0.068, "y": 0.302}, {"x": 0.068, "y": 0.304}, {"x": 0.066, "y": 0.306}, {"x": 0.066, "y": 0.308}, {"x": 0.064, "y": 0.31}, {"x": 0.064, "y": 0.312}, {"x": 0.06, "y": 0.316}, {"x": 0.06, "y": 0.318}, {"x": 0.058, "y": 0.32}, {"x": 0.058, "y": 0.322}, {"x": 0.056, "y": 0.324}, {"x": 0.056, "y": 0.326}, {"x": 0.052, "y": 0.33}, {"x": 0.052, "y": 0.332}, {"x": 0.05, "y": 0.334}, {"x": 0.05, "y": 0.338}, {"x": 0.048, "y": 0.34}, {"x": 0.048, "y": 0.342}, {"x": 0.046, "y": 0.344}, {"x": 0.046, "y": 0.348}, {"x": 0.044, "y": 0.35}, {"x": 0.044, "y": 0.352}, {"x": 0.042, "y": 0.354}, {"x": 0.042, "y": 0.358}, {"x": 0.04, "y": 0.36}, {"x": 0.04, "y": 0.364}, {"x": 0.038, "y": 0.366}, {"x": 0.038, "y": 0.372}, {"x": 0.036, "y": 0.374}, {"x": 0.036, "y": 0.382}, {"x": 0.034, "y": 0.384}, {"x": 0.034, "y": 0.39}, {"x": 0.032, "y": 0.392}, {"x": 0.032, "y": 0.398}, {"x": 0.03, "y": 0.4}, {"x": 0.03, "y": 0.406}, {"x": 0.028, "y": 0.408}, {"x": 0.028, "y": 0.414}, {"x": 0.026, "y": 0.416}, {"x": 0.026, "y": 0.426}, {"x": 0.024, "y": 0.428}, {"x": 0.024, "y": 0.436}, {"x": 0.022, "y": 0.438}, {"x": 0.022, "y": 0.448}, {"x": 0.02, "y": 0.45}, {"x": 0.02, "y": 0.466}, {"x": 0.018, "y": 0.468}, {"x": 0.018, "y": 0.54}, {"x": 0.02, "y": 0.542}, {"x": 0.02, "y": 0.56}, {"x": 0.022, "y": 0.562}, {"x": 0.022, "y": 0.574}, {"x": 0.024, "y": 0.576}, {"x": 0.024, "y": 0.588}, {"x": 0.026, "y": 0.59}, {"x": 0.026, "y": 0.596}, {"x": 0.028, "y": 0.598}, {"x": 0.028, "y": 0.604}, {"x": 0.03, "y": 0.606}, {"x": 0.03, "y": 0.612}, {"x": 0.032, "y": 0.614}, {"x": 0.032, "y": 0.618}, {"x": 0.034, "y": 0.62}, {"x": 0.034, "y": 0.626}, {"x": 0.036, "y": 0.628}, {"x": 0.036, "y": 0.632}, {"x": 0.038, "y": 0.634}, {"x": 0.038, "y": 0.64}, {"x": 0.04, "y": 0.642}, {"x": 0.04, "y": 0.644}, {"x": 0.042, "y": 0.646}, {"x": 0.042, "y": 0.652}, {"x": 0.044, "y": 0.654}, {"x": 0.044, "y": 0.658}, {"x": 0.046, "y": 0.66}, {"x": 0.046, "y": 0.664}, {"x": 0.048, "y": 0.666}, {"x": 0.048, "y": 0.67}, {"x": 0.05, "y": 0.672}, {"x": 0.05, "y": 0.674}, {"x": 0.052, "y": 0.676}, {"x": 0.052, "y": 0.678}, {"x": 0.054, "y": 0.68}, {"x": 0.054, "y": 0.684}, {"x": 0.056, "y": 0.686}, {"x": 0.056, "y": 0.688}, {"x": 0.058, "y": 0.69}, {"x": 0.058, "y": 0.692}, {"x": 0.06, "y": 0.694}, {"x": 0.06, "y": 0.696}, {"x": 0.062, "y": 0.698}, {"x": 0.062, "y": 0.7}, {"x": 0.064, "y": 0.702}, {"x": 0.064, "y": 0.706}, {"x": 0.068, "y": 0.71}, {"x": 0.068, "y": 0.712}, {"x": 0.07, "y": 0.714}, {"x": 0.07, "y": 0.716}, {"x": 0.076, "y": 0.722}, {"x": 0.076, "y": 0.724}, {"x": 0.082, "y": 0.73}, {"x": 0.082, "y": 0.732}, {"x": 0.086, "y": 0.736}, {"x": 0.086, "y": 0.738}, {"x": 0.092, "y": 0.744}, {"x": 0.092, "y": 0.746}, {"x": 0.096, "y": 0.75}, {"x": 0.096, "y": 0.752}, {"x": 0.1, "y": 0.756}, {"x": 0.1, "y": 0.758}, {"x": 0.106, "y": 0.764}, {"x": 0.106, "y": 0.766}, {"x": 0.112, "y": 0.772}, {"x": 0.112, "y": 0.774}, {"x": 0.126, "y": 0.788}, {"x": 0.126, "y": 0.79}, {"x": 0.134, "y": 0.798}, {"x": 0.136, "y": 0.798}, {"x": 0.15, "y": 0.812}, {"x": 0.152, "y": 0.812}, {"x": 0.168, "y": 0.828}, {"x": 0.17, "y": 0.828}, {"x": 0.18, "y": 0.838}, {"x": 0.182, "y": 0.838}, {"x": 0.186, "y": 0.842}, {"x": 0.188, "y": 0.842}, {"x": 0.196, "y": 0.85}, {"x": 0.198, "y": 0.85}, {"x": 0.202, "y": 0.854}, {"x": 0.204, "y": 0.854}, {"x": 0.208, "y": 0.858}, {"x": 0.21, "y": 0.858}, {"x": 0.214, "y": 0.862}, {"x": 0.216, "y": 0.862}, {"x": 0.22, "y": 0.866}, {"x": 0.222, "y": 0.866}, {"x": 0.226, "y": 0.87}, {"x": 0.228, "y": 0.87}, {"x": 0.23, "y": 0.872}, {"x": 0.232, "y": 0.872}, {"x": 0.234, "y": 0.874}, {"x": 0.236, "y": 0.874}, {"x": 0.24, "y": 0.878}, {"x": 0.242, "y": 0.878}, {"x": 0.244, "y": 0.88}, {"x": 0.246, "y": 0.88}, {"x": 0.248, "y": 0.882}, {"x": 0.25, "y": 0.882}, {"x": 0.254, "y": 0.886}, {"x": 0.256, "y": 0.886}, {"x": 0.258, "y": 0.888}, {"x": 0.26, "y": 0.888}, {"x": 0.262, "y": 0.89}, {"x": 0.264, "y": 0.89}, {"x": 0.266, "y": 0.892}, {"x": 0.268, "y": 0.892}, {"x": 0.27, "y": 0.894}, {"x": 0.272, "y": 0.894}, {"x": 0.274, "y": 0.896}, {"x": 0.276, "y": 0.896}, {"x": 0.278, "y": 0.898}, {"x": 0.28, "y": 0.898}, {"x": 0.282, "y": 0.9}, {"x": 0.284, "y": 0.9}, {"x": 0.286, "y": 0.902}, {"x": 0.288, "y": 0.902}, {"x": 0.29, "y": 0.904}, {"x": 0.294, "y": 0.904}, {"x": 0.296, "y": 0.906}, {"x": 0.298, "y": 0.906}, {"x": 0.3, "y": 0.908}, {"x": 0.302, "y": 0.908}, {"x": 0.304, "y": 0.91}, {"x": 0.308, "y": 0.91}, {"x": 0.31, "y": 0.912}, {"x": 0.314, "y": 0.912}, {"x": 0.316, "y": 0.914}, {"x": 0.318, "y": 0.914}, {"x": 0.32, "y": 0.916}, {"x": 0.322, "y": 0.916}, {"x": 0.324, "y": 0.918}, {"x": 0.328, "y": 0.918}, {"x": 0.33, "y": 0.92}, {"x": 0.336, "y": 0.92}, {"x": 0.338, "y": 0.922}, {"x": 0.344, "y": 0.922}, {"x": 0.346, "y": 0.924}, {"x": 0.348, "y": 0.924}, {"x": 0.35, "y": 0.926}, {"x": 0.356, "y": 0.926}, {"x": 0.358, "y": 0.928}, {"x": 0.364, "y": 0.928}, {"x": 0.366, "y": 0.93}, {"x": 0.374, "y": 0.93}, {"x": 0.376, "y": 0.932}, {"x": 0.38, "y": 0.932}, {"x": 0.382, "y": 0.934}, {"x": 0.39, "y": 0.934}, {"x": 0.392, "y": 0.936}, {"x": 0.402, "y": 0.936}, {"x": 0.404, "y": 0.938}, {"x": 0.412, "y": 0.938}, {"x": 0.414, "y": 0.94}, {"x": 0.42, "y": 0.94}, {"x": 0.422, "y": 0.942}, {"x": 0.434, "y": 0.942}, {"x": 0.436, "y": 0.944}, {"x": 0.456, "y": 0.944}, {"x": 0.458, "y": 0.946}, {"x": 0.484, "y": 0.946}, {"x": 0.486, "y": 0.948}, {"x": 0.532, "y": 0.948}, {"x": 0.534, "y": 0.946}, {"x": 0.554, "y": 0.946}, {"x": 0.556, "y": 0.944}, {"x": 0.58, "y": 0.944}, {"x": 0.582, "y": 0.942}, {"x": 0.592, "y": 0.942}, {"x": 0.594, "y": 0.94}, {"x": 0.602, "y": 0.94}, {"x": 0.604, "y": 0.938}, {"x": 0.614, "y": 0.938}, {"x": 0.616, "y": 0.936}, {"x": 0.626, "y": 0.936}, {"x": 0.628, "y": 0.934}, {"x": 0.634, "y": 0.934}, {"x": 0.636, "y": 0.932}, {"x": 0.642, "y": 0.932}, {"x": 0.644, "y": 0.93}, {"x": 0.65, "y": 0.93}, {"x": 0.652, "y": 0.928}, {"x": 0.656, "y": 0.928}, {"x": 0.658, "y": 0.926}, {"x": 0.662, "y": 0.926}, {"x": 0.664, "y": 0.924}, {"x": 0.668, "y": 0.924}, {"x": 0.67, "y": 0.922}, {"x": 0.678, "y": 0.922}, {"x": 0.68, "y": 0.92}, {"x": 0.686, "y": 0.92}, {"x": 0.688, "y": 0.918}, {"x": 0.69, "y": 0.918}, {"x": 0.692, "y": 0.916}, {"x": 0.696, "y": 0.916}, {"x": 0.698, "y": 0.914}, {"x": 0.702, "y": 0.914}, {"x": 0.704, "y": 0.912}, {"x": 0.708, "y": 0.912}, {"x": 0.71, "y": 0.91}, {"x": 0.712, "y": 0.91}, {"x": 0.714, "y": 0.908}, {"x": 0.716, "y": 0.908}, {"x": 0.718, "y": 0.906}, {"x": 0.722, "y": 0.906}, {"x": 0.724, "y": 0.904}, {"x": 0.726, "y": 0.904}, {"x": 0.728, "y": 0.902}, {"x": 0.73, "y": 0.902}, {"x": 0.732, "y": 0.9}, {"x": 0.734, "y": 0.9}, {"x": 0.736, "y": 0.898}, {"x": 0.738, "y": 0.898}, {"x": 0.74, "y": 0.896}, {"x": 0.742, "y": 0.896}, {"x": 0.744, "y": 0.894}, {"x": 0.746, "y": 0.894}, {"x": 0.748, "y": 0.892}, {"x": 0.75, "y": 0.892}, {"x": 0.752, "y": 0.89}, {"x": 0.754, "y": 0.89}, {"x": 0.756, "y": 0.888}, {"x": 0.758, "y": 0.888}, {"x": 0.76, "y": 0.886}, {"x": 0.762, "y": 0.886}, {"x": 0.764, "y": 0.884}, {"x": 0.766, "y": 0.884}, {"x": 0.768, "y": 0.882}, {"x": 0.77, "y": 0.882}, {"x": 0.772, "y": 0.88}, {"x": 0.774, "y": 0.88}, {"x": 0.776, "y": 0.878}, {"x": 0.778, "y": 0.878}, {"x": 0.782, "y": 0.874}, {"x": 0.784, "y": 0.874}, {"x": 0.786, "y": 0.872}, {"x": 0.788, "y": 0.872}, {"x": 0.79, "y": 0.87}, {"x": 0.792, "y": 0.87}, {"x": 0.794, "y": 0.868}, {"x": 0.796, "y": 0.868}, {"x": 0.8, "y": 0.864}, {"x": 0.802, "y": 0.864}, {"x": 0.804, "y": 0.862}, {"x": 0.806, "y": 0.862}, {"x": 0.81, "y": 0.858}, {"x": 0.812, "y": 0.858}, {"x": 0.816, "y": 0.854}, {"x": 0.818, "y": 0.854}, {"x": 0.822, "y": 0.85}, {"x": 0.824, "y": 0.85}, {"x": 0.828, "y": 0.846}, {"x": 0.83, "y": 0.846}, {"x": 0.836, "y": 0.84}, {"x": 0.838, "y": 0.84}, {"x": 0.854, "y": 0.824}, {"x": 0.856, "y": 0.824}, {"x": 0.872, "y": 0.808}, {"x": 0.872, "y": 0.806}, {"x": 0.89, "y": 0.788}, {"x": 0.89, "y": 0.786}, {"x": 0.904, "y": 0.772}, {"x": 0.904, "y": 0.77}, {"x": 0.916, "y": 0.758}, {"x": 0.916, "y": 0.756}, {"x": 0.924, "y": 0.748}, {"x": 0.924, "y": 0.746}, {"x": 0.93, "y": 0.74}, {"x": 0.93, "y": 0.738}, {"x": 0.934, "y": 0.734}, {"x": 0.934, "y": 0.732}, {"x": 0.936, "y": 0.73}, {"x": 0.936, "y": 0.728}, {"x": 0.94, "y": 0.724}, {"x": 0.94, "y": 0.722}, {"x": 0.944, "y": 0.718}, {"x": 0.944, "y": 0.716}, {"x": 0.946, "y": 0.714}, {"x": 0.946, "y": 0.712}, {"x": 0.95, "y": 0.708}, {"x": 0.95, "y": 0.706}, {"x": 0.952, "y": 0.704}, {"x": 0.952, "y": 0.702}, {"x": 0.954, "y": 0.7}, {"x": 0.954, "y": 0.698}, {"x": 0.956, "y": 0.696}, {"x": 0.956, "y": 0.694}, {"x": 0.958, "y": 0.692}, {"x": 0.958, "y": 0.69}, {"x": 0.96, "y": 0.688}, {"x": 0.96, "y": 0.684}, {"x": 0.962, "y": 0.682}, {"x": 0.962, "y": 0.68}, {"x": 0.964, "y": 0.678}, {"x": 0.964, "y": 0.676}, {"x": 0.966, "y": 0.674}, {"x": 0.966, "y": 0.672}, {"x": 0.968, "y": 0.67}, {"x": 0.968, "y": 0.668}, {"x": 0.97, "y": 0.666}, {"x": 0.97, "y": 0.662}, {"x": 0.972, "y": 0.66}, {"x": 0.972, "y": 0.658}, {"x": 0.974, "y": 0.656}, {"x": 0.974, "y": 0.654}, {"x": 0.976, "y": 0.652}, {"x": 0.976, "y": 0.648}, {"x": 0.978, "y": 0.646}, {"x": 0.978, "y": 0.642}, {"x": 0.98, "y": 0.64}, {"x": 0.98, "y": 0.636}, {"x": 0.982, "y": 0.634}, {"x": 0.982, "y": 0.63}, {"x": 0.984, "y": 0.628}, {"x": 0.984, "y": 0.624}, {"x": 0.986, "y": 0.622}, {"x": 0.986, "y": 0.62}, {"x": 0.988, "y": 0.618}, {"x": 0.988, "y": 0.614}, {"x": 0.99, "y": 0.612}, {"x": 0.99, "y": 0.608}, {"x": 0.992, "y": 0.606}, {"x": 0.992, "y": 0.602}, {"x": 0.994, "y": 0.6}, {"x": 0.994, "y": 0.594}, {"x": 0.996, "y": 0.592}, {"x": 0.996, "y": 0.586}, {"x": 0.998, "y": 0.584}, {"x": 0.998, "y": 0.38}, {"x": 0.996, "y": 0.378}, {"x": 0.996, "y": 0.376}, {"x": 0.992, "y": 0.372}, {"x": 0.992, "y": 0.368}, {"x": 0.99, "y": 0.366}, {"x": 0.99, "y": 0.362}, {"x": 0.988, "y": 0.36}, {"x": 0.988, "y": 0.356}, {"x": 0.986, "y": 0.354}, {"x": 0.986, "y": 0.35}, {"x": 0.984, "y": 0.348}, {"x": 0.984, "y": 0.344}, {"x": 0.982, "y": 0.342}, {"x": 0.982, "y": 0.338}, {"x": 0.98, "y": 0.336}, {"x": 0.98, "y": 0.332}, {"x": 0.978, "y": 0.33}, {"x": 0.978, "y": 0.326}, {"x": 0.976, "y": 0.324}, {"x": 0.976, "y": 0.322}, {"x": 0.974, "y": 0.32}, {"x": 0.974, "y": 0.318}, {"x": 0.97, "y": 0.314}, {"x": 0.97, "y": 0.312}, {"x": 0.968, "y": 0.31}, {"x": 0.968, "y": 0.308}, {"x": 0.966, "y": 0.306}, {"x": 0.966, "y": 0.304}, {"x": 0.964, "y": 0.302}, {"x": 0.964, "y": 0.3}, {"x": 0.962, "y": 0.298}, {"x": 0.962, "y": 0.296}, {"x": 0.958, "y": 0.292}, {"x": 0.958, "y": 0.29}, {"x": 0.954, "y": 0.286}, {"x": 0.954, "y": 0.284}, {"x": 0.952, "y": 0.282}, {"x": 0.952, "y": 0.28}, {"x": 0.95, "y": 0.278}, {"x": 0.95, "y": 0.276}, {"x": 0.948, "y": 0.274}, {"x": 0.948, "y": 0.272}, {"x": 0.946, "y": 0.27}, {"x": 0.946, "y": 0.268}, {"x": 0.944, "y": 0.266}, {"x": 0.944, "y": 0.264}, {"x": 0.942, "y": 0.262}, {"x": 0.942, "y": 0.26}, {"x": 0.94, "y": 0.258}, {"x": 0.94, "y": 0.256}, {"x": 0.938, "y": 0.254}, {"x": 0.938, "y": 0.252}, {"x": 0.934, "y": 0.248}, {"x": 0.934, "y": 0.246}, {"x": 0.93, "y": 0.242}, {"x": 0.93, "y": 0.24}, {"x": 0.924, "y": 0.234}, {"x": 0.924, "y": 0.232}, {"x": 0.92, "y": 0.228}, {"x": 0.92, "y": 0.226}, {"x": 0.916, "y": 0.222}, {"x": 0.916, "y": 0.22}, {"x": 0.888, "y": 0.192}, {"x": 0.886, "y": 0.192}, {"x": 0.874, "y": 0.18}, {"x": 0.872, "y": 0.18}, {"x": 0.848, "y": 0.156}, {"x": 0.846, "y": 0.156}, {"x": 0.834, "y": 0.144}, {"x": 0.832, "y": 0.144}, {"x": 0.828, "y": 0.14}, {"x": 0.826, "y": 0.14}, {"x": 0.82, "y": 0.134}, {"x": 0.818, "y": 0.134}, {"x": 0.814, "y": 0.13}, {"x": 0.812, "y": 0.13}, {"x": 0.806, "y": 0.124}, {"x": 0.804, "y": 0.124}, {"x": 0.802, "y": 0.122}, {"x": 0.8, "y": 0.122}, {"x": 0.792, "y": 0.114}, {"x": 0.79, "y": 0.114}, {"x": 0.788, "y": 0.112}, {"x": 0.786, "y": 0.112}, {"x": 0.782, "y": 0.108}, {"x": 0.78, "y": 0.108}, {"x": 0.778, "y": 0.106}, {"x": 0.776, "y": 0.106}, {"x": 0.774, "y": 0.104}, {"x": 0.772, "y": 0.104}, {"x": 0.77, "y": 0.102}, {"x": 0.768, "y": 0.102}, {"x": 0.764, "y": 0.098}, {"x": 0.762, "y": 0.098}, {"x": 0.76, "y": 0.096}, {"x": 0.756, "y": 0.096}, {"x": 0.754, "y": 0.094}, {"x": 0.752, "y": 0.094}, {"x": 0.75, "y": 0.092}, {"x": 0.746, "y": 0.092}, {"x": 0.744, "y": 0.09}, {"x": 0.742, "y": 0.09}, {"x": 0.74, "y": 0.088}, {"x": 0.736, "y": 0.088}, {"x": 0.734, "y": 0.086}, {"x": 0.732, "y": 0.086}, {"x": 0.73, "y": 0.084}, {"x": 0.728, "y": 0.084}, {"x": 0.726, "y": 0.082}, {"x": 0.724, "y": 0.082}, {"x": 0.722, "y": 0.08}, {"x": 0.716, "y": 0.08}, {"x": 0.714, "y": 0.078}, {"x": 0.712, "y": 0.078}, {"x": 0.71, "y": 0.076}, {"x": 0.704, "y": 0.076}, {"x": 0.702, "y": 0.074}, {"x": 0.698, "y": 0.074}, {"x": 0.696, "y": 0.072}, {"x": 0.69, "y": 0.072}, {"x": 0.688, "y": 0.07}, {"x": 0.682, "y": 0.07}, {"x": 0.68, "y": 0.068}, {"x": 0.674, "y": 0.068}, {"x": 0.672, "y": 0.066}, {"x": 0.66, "y": 0.066}, {"x": 0.658, "y": 0.064}, {"x": 0.65, "y": 0.064}, {"x": 0.648, "y": 0.062}, {"x": 0.642, "y": 0.062}, {"x": 0.64, "y": 0.06}, {"x": 0.628, "y": 0.06}, {"x": 0.626, "y": 0.058}, {"x": 0.618, "y": 0.058}, {"x": 0.616, "y": 0.056}, {"x": 0.61, "y": 0.056}, {"x": 0.608, "y": 0.054}, {"x": 0.598, "y": 0.054}, {"x": 0.596, "y": 0.052}, {"x": 0.584, "y": 0.052}, {"x": 0.582, "y": 0.05}, {"x": 0.572, "y": 0.05}, {"x": 0.57, "y": 0.048}, {"x": 0.558, "y": 0.048}, {"x": 0.556, "y": 0.046}, {"x": 0.524, "y": 0.046}, {"x": 0.522, "y": 0.044}]}], "categories": [{"name": "CONTOURS"}], "mid": "20220524113515SS-1460", "type": "polygon", "jobName": "OBJECT_DETECTION_JOB", "mlTask": "OBJECT_DETECTION", "children": {}}]}, "JOB_0": {"annotations": [{"categories": [{"confidence": 100, "name": "SCRATCH"}], "jobName": "JOB_0", "mid": "20220524113526SS-18725", "mlTask": "OBJECT_DETECTION", "boundingPoly": [{"normalizedVertices": [{"x": 0.19405184948266718, "y": 0.8526542383761232}, {"x": 0.19405184948266718, "y": 0.7573450894235121}, {"x": 0.22033926446980043, "y": 0.7573450894235121}, {"x": 0.22033926446980043, "y": 0.8526542383761232}]}], "type": "rectangle", "children": {}}, {"categories": [{"confidence": 100, "name": "SCRATCH"}], "jobName": "JOB_0", "mid": "20220524113529SS-75036", "mlTask": "OBJECT_DETECTION", "boundingPoly": [{"normalizedVertices": [{"x": 0.3189170706715501, "y": 0.7376259551574547}, {"x": 0.3189170706715501, "y": 0.7096905149472066}, {"x": 0.3731348640825125, "y": 0.7096905149472066}, {"x": 0.3731348640825125, "y": 0.7376259551574547}]}], "type": "rectangle", "children": {}}, {"categories": [{"confidence": 100, "name": "SCRATCH"}], "jobName": "JOB_0", "mid": "20220524113524SS-29698", "mlTask": "OBJECT_DETECTION", "boundingPoly": [{"normalizedVertices": [{"x": 0.24826964289362946, "y": 0.6603926792820629}, {"x": 0.24826964289362946, "y": 0.6242409331276243}, {"x": 0.28277187506424195, "y": 0.6242409331276243}, {"x": 0.28277187506424195, "y": 0.6603926792820629}]}], "type": "rectangle", "children": {}}, {"categories": [{"confidence": 100, "name": "BLOW_HOLE"}], "jobName": "JOB_0", "mid": "20220524113518SS-58405", "mlTask": "OBJECT_DETECTION", "boundingPoly": [{"normalizedVertices": [{"x": 0.5210015733851371, "y": 0.1937065016520364}, {"x": 0.5210015733851371, "y": 0.1559114943087596}, {"x": 0.5538608421190536, "y": 0.1559114943087596}, {"x": 0.5538608421190536, "y": 0.1937065016520364}]}], "type": "rectangle", "children": {}}, {"categories": [{"confidence": 100, "name": "SCRATCH"}], "jobName": "JOB_0", "mid": "20220524113531SS-60418", "mlTask": "OBJECT_DETECTION", "boundingPoly": [{"normalizedVertices": [{"x": 0.32056003410824596, "y": 0.2725830387162663}, {"x": 0.32056003410824596, "y": 0.2479341208836945}, {"x": 0.3501333759687708, "y": 0.2479341208836945}, {"x": 0.3501333759687708, "y": 0.2725830387162663}]}], "type": "rectangle", "children": {}}, {"categories": [{"confidence": 100, "name": "SCRATCH"}], "jobName": "JOB_0", "mid": "20220524113533SS-41386", "mlTask": "OBJECT_DETECTION", "boundingPoly": [{"normalizedVertices": [{"x": 0.46349785310078306, "y": 0.42047654571169724}, {"x": 0.46349785310078306, "y": 0.3892545831237728}, {"x": 0.48485637777782886, "y": 0.3892545831237728}, {"x": 0.48485637777782886, "y": 0.42047654571169724}]}], "type": "rectangle", "children": {}}]}}