{"CLASSIFICATION_JOB": {"categories": [{"confidence": 100, "name": "YES"}]}, "OBJECT_DETECTION_JOB": {"annotations": [{"boundingPoly": [{"normalizedVertices": [{"x": 0.45, "y": 0.052}, {"x": 0.448, "y": 0.054}, {"x": 0.43, "y": 0.054}, {"x": 0.428, "y": 0.056}, {"x": 0.418, "y": 0.056}, {"x": 0.416, "y": 0.058}, {"x": 0.41, "y": 0.058}, {"x": 0.408, "y": 0.06}, {"x": 0.402, "y": 0.06}, {"x": 0.4, "y": 0.062}, {"x": 0.392, "y": 0.062}, {"x": 0.39, "y": 0.064}, {"x": 0.384, "y": 0.064}, {"x": 0.382, "y": 0.066}, {"x": 0.378, "y": 0.066}, {"x": 0.376, "y": 0.068}, {"x": 0.37, "y": 0.068}, {"x": 0.368, "y": 0.07}, {"x": 0.364, "y": 0.07}, {"x": 0.362, "y": 0.072}, {"x": 0.356, "y": 0.072}, {"x": 0.354, "y": 0.074}, {"x": 0.35, "y": 0.074}, {"x": 0.348, "y": 0.076}, {"x": 0.344, "y": 0.076}, {"x": 0.342, "y": 0.078}, {"x": 0.338, "y": 0.078}, {"x": 0.336, "y": 0.08}, {"x": 0.332, "y": 0.08}, {"x": 0.33, "y": 0.082}, {"x": 0.328, "y": 0.082}, {"x": 0.326, "y": 0.084}, {"x": 0.324, "y": 0.084}, {"x": 0.322, "y": 0.086}, {"x": 0.32, "y": 0.086}, {"x": 0.318, "y": 0.088}, {"x": 0.316, "y": 0.088}, {"x": 0.314, "y": 0.09}, {"x": 0.312, "y": 0.09}, {"x": 0.31, "y": 0.092}, {"x": 0.308, "y": 0.092}, {"x": 0.306, "y": 0.094}, {"x": 0.302, "y": 0.094}, {"x": 0.3, "y": 0.096}, {"x": 0.298, "y": 0.096}, {"x": 0.294, "y": 0.1}, {"x": 0.292, "y": 0.1}, {"x": 0.29, "y": 0.102}, {"x": 0.288, "y": 0.102}, {"x": 0.286, "y": 0.104}, {"x": 0.284, "y": 0.104}, {"x": 0.28, "y": 0.108}, {"x": 0.278, "y": 0.108}, {"x": 0.276, "y": 0.11}, {"x": 0.274, "y": 0.11}, {"x": 0.27, "y": 0.114}, {"x": 0.268, "y": 0.114}, {"x": 0.264, "y": 0.118}, {"x": 0.262, "y": 0.118}, {"x": 0.258, "y": 0.122}, {"x": 0.256, "y": 0.122}, {"x": 0.252, "y": 0.126}, {"x": 0.25, "y": 0.126}, {"x": 0.246, "y": 0.13}, {"x": 0.244, "y": 0.13}, {"x": 0.234, "y": 0.14}, {"x": 0.232, "y": 0.14}, {"x": 0.204, "y": 0.168}, {"x": 0.204, "y": 0.17}, {"x": 0.202, "y": 0.172}, {"x": 0.2, "y": 0.172}, {"x": 0.196, "y": 0.176}, {"x": 0.196, "y": 0.178}, {"x": 0.194, "y": 0.18}, {"x": 0.192, "y": 0.18}, {"x": 0.188, "y": 0.184}, {"x": 0.188, "y": 0.186}, {"x": 0.174, "y": 0.2}, {"x": 0.174, "y": 0.202}, {"x": 0.16, "y": 0.216}, {"x": 0.16, "y": 0.218}, {"x": 0.15, "y": 0.228}, {"x": 0.15, "y": 0.23}, {"x": 0.142, "y": 0.238}, {"x": 0.142, "y": 0.24}, {"x": 0.136, "y": 0.246}, {"x": 0.136, "y": 0.248}, {"x": 0.132, "y": 0.252}, {"x": 0.132, "y": 0.254}, {"x": 0.128, "y": 0.258}, {"x": 0.128, "y": 0.26}, {"x": 0.126, "y": 0.262}, {"x": 0.126, "y": 0.264}, {"x": 0.124, "y": 0.266}, {"x": 0.124, "y": 0.268}, {"x": 0.12, "y": 0.272}, {"x": 0.12, "y": 0.274}, {"x": 0.118, "y": 0.276}, {"x": 0.118, "y": 0.278}, {"x": 0.114, "y": 0.282}, {"x": 0.114, "y": 0.284}, {"x": 0.112, "y": 0.286}, {"x": 0.112, "y": 0.288}, {"x": 0.11, "y": 0.29}, {"x": 0.11, "y": 0.292}, {"x": 0.108, "y": 0.294}, {"x": 0.108, "y": 0.296}, {"x": 0.106, "y": 0.298}, {"x": 0.106, "y": 0.3}, {"x": 0.104, "y": 0.302}, {"x": 0.104, "y": 0.304}, {"x": 0.102, "y": 0.306}, {"x": 0.102, "y": 0.308}, {"x": 0.1, "y": 0.31}, {"x": 0.1, "y": 0.312}, {"x": 0.098, "y": 0.314}, {"x": 0.098, "y": 0.316}, {"x": 0.096, "y": 0.318}, {"x": 0.096, "y": 0.322}, {"x": 0.094, "y": 0.324}, {"x": 0.094, "y": 0.326}, {"x": 0.092, "y": 0.328}, {"x": 0.092, "y": 0.33}, {"x": 0.09, "y": 0.332}, {"x": 0.09, "y": 0.336}, {"x": 0.088, "y": 0.338}, {"x": 0.088, "y": 0.342}, {"x": 0.086, "y": 0.344}, {"x": 0.086, "y": 0.348}, {"x": 0.084, "y": 0.35}, {"x": 0.084, "y": 0.354}, {"x": 0.082, "y": 0.356}, {"x": 0.082, "y": 0.36}, {"x": 0.08, "y": 0.362}, {"x": 0.08, "y": 0.368}, {"x": 0.078, "y": 0.37}, {"x": 0.078, "y": 0.374}, {"x": 0.076, "y": 0.376}, {"x": 0.076, "y": 0.382}, {"x": 0.074, "y": 0.384}, {"x": 0.074, "y": 0.39}, {"x": 0.072, "y": 0.392}, {"x": 0.072, "y": 0.398}, {"x": 0.07, "y": 0.4}, {"x": 0.07, "y": 0.406}, {"x": 0.068, "y": 0.408}, {"x": 0.068, "y": 0.414}, {"x": 0.066, "y": 0.416}, {"x": 0.066, "y": 0.424}, {"x": 0.064, "y": 0.426}, {"x": 0.064, "y": 0.434}, {"x": 0.062, "y": 0.436}, {"x": 0.062, "y": 0.446}, {"x": 0.06, "y": 0.448}, {"x": 0.06, "y": 0.46}, {"x": 0.058, "y": 0.462}, {"x": 0.058, "y": 0.48}, {"x": 0.056, "y": 0.482}, {"x": 0.056, "y": 0.534}, {"x": 0.058, "y": 0.536}, {"x": 0.058, "y": 0.558}, {"x": 0.06, "y": 0.56}, {"x": 0.06, "y": 0.57}, {"x": 0.062, "y": 0.572}, {"x": 0.062, "y": 0.584}, {"x": 0.064, "y": 0.586}, {"x": 0.064, "y": 0.596}, {"x": 0.066, "y": 0.598}, {"x": 0.066, "y": 0.604}, {"x": 0.068, "y": 0.606}, {"x": 0.068, "y": 0.612}, {"x": 0.07, "y": 0.614}, {"x": 0.07, "y": 0.62}, {"x": 0.072, "y": 0.622}, {"x": 0.072, "y": 0.63}, {"x": 0.074, "y": 0.632}, {"x": 0.074, "y": 0.636}, {"x": 0.076, "y": 0.638}, {"x": 0.076, "y": 0.642}, {"x": 0.078, "y": 0.644}, {"x": 0.078, "y": 0.65}, {"x": 0.08, "y": 0.652}, {"x": 0.08, "y": 0.656}, {"x": 0.082, "y": 0.658}, {"x": 0.082, "y": 0.66}, {"x": 0.084, "y": 0.662}, {"x": 0.084, "y": 0.666}, {"x": 0.086, "y": 0.668}, {"x": 0.086, "y": 0.67}, {"x": 0.088, "y": 0.672}, {"x": 0.088, "y": 0.676}, {"x": 0.09, "y": 0.678}, {"x": 0.09, "y": 0.68}, {"x": 0.092, "y": 0.682}, {"x": 0.092, "y": 0.684}, {"x": 0.094, "y": 0.686}, {"x": 0.094, "y": 0.688}, {"x": 0.096, "y": 0.69}, {"x": 0.096, "y": 0.694}, {"x": 0.098, "y": 0.696}, {"x": 0.098, "y": 0.698}, {"x": 0.1, "y": 0.7}, {"x": 0.1, "y": 0.702}, {"x": 0.102, "y": 0.704}, {"x": 0.102, "y": 0.706}, {"x": 0.104, "y": 0.708}, {"x": 0.104, "y": 0.71}, {"x": 0.106, "y": 0.712}, {"x": 0.106, "y": 0.714}, {"x": 0.108, "y": 0.716}, {"x": 0.108, "y": 0.718}, {"x": 0.11, "y": 0.72}, {"x": 0.11, "y": 0.722}, {"x": 0.112, "y": 0.724}, {"x": 0.112, "y": 0.726}, {"x": 0.114, "y": 0.728}, {"x": 0.114, "y": 0.73}, {"x": 0.116, "y": 0.732}, {"x": 0.116, "y": 0.734}, {"x": 0.12, "y": 0.738}, {"x": 0.12, "y": 0.74}, {"x": 0.122, "y": 0.742}, {"x": 0.122, "y": 0.744}, {"x": 0.126, "y": 0.748}, {"x": 0.126, "y": 0.75}, {"x": 0.128, "y": 0.752}, {"x": 0.128, "y": 0.754}, {"x": 0.134, "y": 0.76}, {"x": 0.134, "y": 0.762}, {"x": 0.138, "y": 0.766}, {"x": 0.138, "y": 0.768}, {"x": 0.144, "y": 0.774}, {"x": 0.144, "y": 0.776}, {"x": 0.15, "y": 0.782}, {"x": 0.15, "y": 0.784}, {"x": 0.16, "y": 0.794}, {"x": 0.16, "y": 0.796}, {"x": 0.162, "y": 0.798}, {"x": 0.164, "y": 0.798}, {"x": 0.176, "y": 0.81}, {"x": 0.176, "y": 0.812}, {"x": 0.178, "y": 0.814}, {"x": 0.18, "y": 0.814}, {"x": 0.2, "y": 0.834}, {"x": 0.202, "y": 0.834}, {"x": 0.212, "y": 0.844}, {"x": 0.214, "y": 0.844}, {"x": 0.222, "y": 0.852}, {"x": 0.224, "y": 0.852}, {"x": 0.23, "y": 0.858}, {"x": 0.232, "y": 0.858}, {"x": 0.236, "y": 0.862}, {"x": 0.238, "y": 0.862}, {"x": 0.24, "y": 0.864}, {"x": 0.242, "y": 0.864}, {"x": 0.246, "y": 0.868}, {"x": 0.248, "y": 0.868}, {"x": 0.252, "y": 0.872}, {"x": 0.254, "y": 0.872}, {"x": 0.256, "y": 0.874}, {"x": 0.258, "y": 0.874}, {"x": 0.26, "y": 0.876}, {"x": 0.262, "y": 0.876}, {"x": 0.266, "y": 0.88}, {"x": 0.268, "y": 0.88}, {"x": 0.27, "y": 0.882}, {"x": 0.272, "y": 0.882}, {"x": 0.276, "y": 0.886}, {"x": 0.278, "y": 0.886}, {"x": 0.28, "y": 0.888}, {"x": 0.282, "y": 0.888}, {"x": 0.284, "y": 0.89}, {"x": 0.286, "y": 0.89}, {"x": 0.29, "y": 0.894}, {"x": 0.294, "y": 0.894}, {"x": 0.296, "y": 0.896}, {"x": 0.298, "y": 0.896}, {"x": 0.3, "y": 0.898}, {"x": 0.302, "y": 0.898}, {"x": 0.304, "y": 0.9}, {"x": 0.306, "y": 0.9}, {"x": 0.308, "y": 0.902}, {"x": 0.31, "y": 0.902}, {"x": 0.312, "y": 0.904}, {"x": 0.316, "y": 0.904}, {"x": 0.318, "y": 0.906}, {"x": 0.32, "y": 0.906}, {"x": 0.322, "y": 0.908}, {"x": 0.326, "y": 0.908}, {"x": 0.328, "y": 0.91}, {"x": 0.33, "y": 0.91}, {"x": 0.332, "y": 0.912}, {"x": 0.336, "y": 0.912}, {"x": 0.338, "y": 0.914}, {"x": 0.34, "y": 0.914}, {"x": 0.342, "y": 0.916}, {"x": 0.346, "y": 0.916}, {"x": 0.348, "y": 0.918}, {"x": 0.352, "y": 0.918}, {"x": 0.354, "y": 0.92}, {"x": 0.36, "y": 0.92}, {"x": 0.362, "y": 0.922}, {"x": 0.366, "y": 0.922}, {"x": 0.368, "y": 0.924}, {"x": 0.374, "y": 0.924}, {"x": 0.376, "y": 0.926}, {"x": 0.382, "y": 0.926}, {"x": 0.384, "y": 0.928}, {"x": 0.39, "y": 0.928}, {"x": 0.392, "y": 0.93}, {"x": 0.398, "y": 0.93}, {"x": 0.4, "y": 0.932}, {"x": 0.408, "y": 0.932}, {"x": 0.41, "y": 0.934}, {"x": 0.42, "y": 0.934}, {"x": 0.422, "y": 0.936}, {"x": 0.442, "y": 0.936}, {"x": 0.444, "y": 0.938}, {"x": 0.464, "y": 0.938}, {"x": 0.466, "y": 0.94}, {"x": 0.49, "y": 0.94}, {"x": 0.492, "y": 0.938}, {"x": 0.514, "y": 0.938}, {"x": 0.516, "y": 0.936}, {"x": 0.534, "y": 0.936}, {"x": 0.536, "y": 0.934}, {"x": 0.55, "y": 0.934}, {"x": 0.552, "y": 0.932}, {"x": 0.564, "y": 0.932}, {"x": 0.566, "y": 0.93}, {"x": 0.574, "y": 0.93}, {"x": 0.576, "y": 0.928}, {"x": 0.58, "y": 0.928}, {"x": 0.582, "y": 0.926}, {"x": 0.59, "y": 0.926}, {"x": 0.592, "y": 0.924}, {"x": 0.602, "y": 0.924}, {"x": 0.604, "y": 0.922}, {"x": 0.608, "y": 0.922}, {"x": 0.61, "y": 0.92}, {"x": 0.614, "y": 0.92}, {"x": 0.616, "y": 0.918}, {"x": 0.62, "y": 0.918}, {"x": 0.622, "y": 0.916}, {"x": 0.626, "y": 0.916}, {"x": 0.628, "y": 0.914}, {"x": 0.63, "y": 0.914}, {"x": 0.632, "y": 0.912}, {"x": 0.636, "y": 0.912}, {"x": 0.638, "y": 0.91}, {"x": 0.64, "y": 0.91}, {"x": 0.642, "y": 0.908}, {"x": 0.644, "y": 0.908}, {"x": 0.646, "y": 0.906}, {"x": 0.648, "y": 0.906}, {"x": 0.652, "y": 0.902}, {"x": 0.654, "y": 0.902}, {"x": 0.656, "y": 0.9}, {"x": 0.658, "y": 0.9}, {"x": 0.662, "y": 0.896}, {"x": 0.664, "y": 0.896}, {"x": 0.666, "y": 0.894}, {"x": 0.668, "y": 0.894}, {"x": 0.67, "y": 0.892}, {"x": 0.672, "y": 0.892}, {"x": 0.674, "y": 0.89}, {"x": 0.676, "y": 0.89}, {"x": 0.678, "y": 0.888}, {"x": 0.68, "y": 0.888}, {"x": 0.682, "y": 0.886}, {"x": 0.684, "y": 0.886}, {"x": 0.686, "y": 0.884}, {"x": 0.688, "y": 0.884}, {"x": 0.69, "y": 0.882}, {"x": 0.692, "y": 0.882}, {"x": 0.696, "y": 0.878}, {"x": 0.698, "y": 0.878}, {"x": 0.7, "y": 0.876}, {"x": 0.702, "y": 0.876}, {"x": 0.704, "y": 0.874}, {"x": 0.706, "y": 0.874}, {"x": 0.71, "y": 0.87}, {"x": 0.712, "y": 0.87}, {"x": 0.716, "y": 0.866}, {"x": 0.718, "y": 0.866}, {"x": 0.72, "y": 0.864}, {"x": 0.722, "y": 0.864}, {"x": 0.726, "y": 0.86}, {"x": 0.728, "y": 0.86}, {"x": 0.732, "y": 0.856}, {"x": 0.734, "y": 0.856}, {"x": 0.738, "y": 0.852}, {"x": 0.74, "y": 0.852}, {"x": 0.744, "y": 0.848}, {"x": 0.746, "y": 0.848}, {"x": 0.752, "y": 0.842}, {"x": 0.754, "y": 0.842}, {"x": 0.758, "y": 0.838}, {"x": 0.76, "y": 0.838}, {"x": 0.764, "y": 0.834}, {"x": 0.766, "y": 0.834}, {"x": 0.77, "y": 0.83}, {"x": 0.772, "y": 0.83}, {"x": 0.786, "y": 0.816}, {"x": 0.788, "y": 0.816}, {"x": 0.792, "y": 0.812}, {"x": 0.792, "y": 0.81}, {"x": 0.796, "y": 0.806}, {"x": 0.798, "y": 0.806}, {"x": 0.798, "y": 0.804}, {"x": 0.814, "y": 0.788}, {"x": 0.814, "y": 0.786}, {"x": 0.822, "y": 0.778}, {"x": 0.822, "y": 0.776}, {"x": 0.828, "y": 0.77}, {"x": 0.828, "y": 0.768}, {"x": 0.834, "y": 0.762}, {"x": 0.834, "y": 0.76}, {"x": 0.838, "y": 0.756}, {"x": 0.838, "y": 0.754}, {"x": 0.842, "y": 0.75}, {"x": 0.842, "y": 0.748}, {"x": 0.846, "y": 0.744}, {"x": 0.846, "y": 0.742}, {"x": 0.852, "y": 0.736}, {"x": 0.852, "y": 0.734}, {"x": 0.854, "y": 0.732}, {"x": 0.854, "y": 0.73}, {"x": 0.856, "y": 0.728}, {"x": 0.856, "y": 0.726}, {"x": 0.858, "y": 0.724}, {"x": 0.858, "y": 0.722}, {"x": 0.862, "y": 0.718}, {"x": 0.862, "y": 0.714}, {"x": 0.866, "y": 0.71}, {"x": 0.866, "y": 0.708}, {"x": 0.868, "y": 0.706}, {"x": 0.868, "y": 0.704}, {"x": 0.87, "y": 0.702}, {"x": 0.87, "y": 0.698}, {"x": 0.872, "y": 0.696}, {"x": 0.872, "y": 0.694}, {"x": 0.874, "y": 0.692}, {"x": 0.874, "y": 0.69}, {"x": 0.876, "y": 0.688}, {"x": 0.876, "y": 0.686}, {"x": 0.878, "y": 0.684}, {"x": 0.878, "y": 0.68}, {"x": 0.88, "y": 0.678}, {"x": 0.88, "y": 0.674}, {"x": 0.882, "y": 0.672}, {"x": 0.882, "y": 0.67}, {"x": 0.884, "y": 0.668}, {"x": 0.884, "y": 0.664}, {"x": 0.886, "y": 0.662}, {"x": 0.886, "y": 0.658}, {"x": 0.888, "y": 0.656}, {"x": 0.888, "y": 0.652}, {"x": 0.89, "y": 0.65}, {"x": 0.89, "y": 0.644}, {"x": 0.892, "y": 0.642}, {"x": 0.892, "y": 0.638}, {"x": 0.894, "y": 0.636}, {"x": 0.894, "y": 0.632}, {"x": 0.896, "y": 0.63}, {"x": 0.896, "y": 0.626}, {"x": 0.898, "y": 0.624}, {"x": 0.898, "y": 0.618}, {"x": 0.9, "y": 0.616}, {"x": 0.9, "y": 0.612}, {"x": 0.902, "y": 0.61}, {"x": 0.902, "y": 0.604}, {"x": 0.904, "y": 0.602}, {"x": 0.904, "y": 0.596}, {"x": 0.906, "y": 0.594}, {"x": 0.906, "y": 0.588}, {"x": 0.908, "y": 0.586}, {"x": 0.908, "y": 0.578}, {"x": 0.91, "y": 0.576}, {"x": 0.91, "y": 0.566}, {"x": 0.912, "y": 0.564}, {"x": 0.912, "y": 0.552}, {"x": 0.914, "y": 0.55}, {"x": 0.914, "y": 0.538}, {"x": 0.916, "y": 0.536}, {"x": 0.916, "y": 0.514}, {"x": 0.918, "y": 0.512}, {"x": 0.918, "y": 0.452}, {"x": 0.916, "y": 0.45}, {"x": 0.916, "y": 0.434}, {"x": 0.914, "y": 0.432}, {"x": 0.914, "y": 0.422}, {"x": 0.912, "y": 0.42}, {"x": 0.912, "y": 0.408}, {"x": 0.91, "y": 0.406}, {"x": 0.91, "y": 0.398}, {"x": 0.908, "y": 0.396}, {"x": 0.908, "y": 0.39}, {"x": 0.906, "y": 0.388}, {"x": 0.906, "y": 0.382}, {"x": 0.904, "y": 0.38}, {"x": 0.904, "y": 0.374}, {"x": 0.902, "y": 0.372}, {"x": 0.902, "y": 0.368}, {"x": 0.9, "y": 0.366}, {"x": 0.9, "y": 0.36}, {"x": 0.898, "y": 0.358}, {"x": 0.898, "y": 0.354}, {"x": 0.896, "y": 0.352}, {"x": 0.896, "y": 0.346}, {"x": 0.894, "y": 0.344}, {"x": 0.894, "y": 0.34}, {"x": 0.892, "y": 0.338}, {"x": 0.892, "y": 0.334}, {"x": 0.89, "y": 0.332}, {"x": 0.89, "y": 0.328}, {"x": 0.888, "y": 0.326}, {"x": 0.888, "y": 0.324}, {"x": 0.886, "y": 0.322}, {"x": 0.886, "y": 0.318}, {"x": 0.884, "y": 0.316}, {"x": 0.884, "y": 0.314}, {"x": 0.882, "y": 0.312}, {"x": 0.882, "y": 0.308}, {"x": 0.88, "y": 0.306}, {"x": 0.88, "y": 0.304}, {"x": 0.878, "y": 0.302}, {"x": 0.878, "y": 0.3}, {"x": 0.876, "y": 0.298}, {"x": 0.876, "y": 0.296}, {"x": 0.874, "y": 0.294}, {"x": 0.874, "y": 0.292}, {"x": 0.872, "y": 0.29}, {"x": 0.872, "y": 0.288}, {"x": 0.868, "y": 0.284}, {"x": 0.868, "y": 0.282}, {"x": 0.866, "y": 0.28}, {"x": 0.866, "y": 0.278}, {"x": 0.864, "y": 0.276}, {"x": 0.864, "y": 0.274}, {"x": 0.862, "y": 0.272}, {"x": 0.862, "y": 0.27}, {"x": 0.858, "y": 0.266}, {"x": 0.858, "y": 0.264}, {"x": 0.856, "y": 0.262}, {"x": 0.856, "y": 0.26}, {"x": 0.852, "y": 0.256}, {"x": 0.852, "y": 0.254}, {"x": 0.85, "y": 0.252}, {"x": 0.85, "y": 0.25}, {"x": 0.846, "y": 0.246}, {"x": 0.846, "y": 0.244}, {"x": 0.842, "y": 0.24}, {"x": 0.842, "y": 0.238}, {"x": 0.836, "y": 0.232}, {"x": 0.836, "y": 0.23}, {"x": 0.832, "y": 0.226}, {"x": 0.832, "y": 0.224}, {"x": 0.824, "y": 0.216}, {"x": 0.824, "y": 0.214}, {"x": 0.818, "y": 0.208}, {"x": 0.818, "y": 0.206}, {"x": 0.81, "y": 0.198}, {"x": 0.81, "y": 0.196}, {"x": 0.8, "y": 0.186}, {"x": 0.8, "y": 0.184}, {"x": 0.792, "y": 0.176}, {"x": 0.792, "y": 0.174}, {"x": 0.778, "y": 0.16}, {"x": 0.778, "y": 0.158}, {"x": 0.764, "y": 0.144}, {"x": 0.762, "y": 0.144}, {"x": 0.758, "y": 0.14}, {"x": 0.756, "y": 0.14}, {"x": 0.75, "y": 0.134}, {"x": 0.748, "y": 0.134}, {"x": 0.746, "y": 0.132}, {"x": 0.744, "y": 0.132}, {"x": 0.74, "y": 0.128}, {"x": 0.738, "y": 0.128}, {"x": 0.734, "y": 0.124}, {"x": 0.732, "y": 0.124}, {"x": 0.73, "y": 0.122}, {"x": 0.728, "y": 0.122}, {"x": 0.722, "y": 0.116}, {"x": 0.72, "y": 0.116}, {"x": 0.718, "y": 0.114}, {"x": 0.716, "y": 0.114}, {"x": 0.714, "y": 0.112}, {"x": 0.712, "y": 0.112}, {"x": 0.71, "y": 0.11}, {"x": 0.708, "y": 0.11}, {"x": 0.706, "y": 0.108}, {"x": 0.704, "y": 0.108}, {"x": 0.702, "y": 0.106}, {"x": 0.7, "y": 0.106}, {"x": 0.696, "y": 0.102}, {"x": 0.694, "y": 0.102}, {"x": 0.692, "y": 0.1}, {"x": 0.688, "y": 0.1}, {"x": 0.686, "y": 0.098}, {"x": 0.684, "y": 0.098}, {"x": 0.682, "y": 0.096}, {"x": 0.68, "y": 0.096}, {"x": 0.678, "y": 0.094}, {"x": 0.676, "y": 0.094}, {"x": 0.674, "y": 0.092}, {"x": 0.67, "y": 0.092}, {"x": 0.668, "y": 0.09}, {"x": 0.666, "y": 0.09}, {"x": 0.664, "y": 0.088}, {"x": 0.662, "y": 0.088}, {"x": 0.66, "y": 0.086}, {"x": 0.656, "y": 0.086}, {"x": 0.654, "y": 0.084}, {"x": 0.65, "y": 0.084}, {"x": 0.648, "y": 0.082}, {"x": 0.646, "y": 0.082}, {"x": 0.644, "y": 0.08}, {"x": 0.64, "y": 0.08}, {"x": 0.638, "y": 0.078}, {"x": 0.634, "y": 0.078}, {"x": 0.632, "y": 0.076}, {"x": 0.624, "y": 0.076}, {"x": 0.622, "y": 0.074}, {"x": 0.618, "y": 0.074}, {"x": 0.616, "y": 0.072}, {"x": 0.614, "y": 0.072}, {"x": 0.612, "y": 0.07}, {"x": 0.606, "y": 0.07}, {"x": 0.604, "y": 0.068}, {"x": 0.598, "y": 0.068}, {"x": 0.596, "y": 0.066}, {"x": 0.592, "y": 0.066}, {"x": 0.59, "y": 0.064}, {"x": 0.584, "y": 0.064}, {"x": 0.582, "y": 0.062}, {"x": 0.576, "y": 0.062}, {"x": 0.574, "y": 0.06}, {"x": 0.566, "y": 0.06}, {"x": 0.564, "y": 0.058}, {"x": 0.556, "y": 0.058}, {"x": 0.554, "y": 0.056}, {"x": 0.546, "y": 0.056}, {"x": 0.544, "y": 0.054}, {"x": 0.526, "y": 0.054}, {"x": 0.524, "y": 0.052}]}], "categories": [{"name": "CONTOURS"}], "mid": "20220524113625SS-41873", "type": "polygon", "jobName": "OBJECT_DETECTION_JOB", "mlTask": "OBJECT_DETECTION", "children": {}}]}, "JOB_0": {"annotations": [{"categories": [{"confidence": 100, "name": "PIN_HOLE_0"}], "jobName": "JOB_0", "mid": "20220524113627SS-163", "mlTask": "OBJECT_DETECTION", "boundingPoly": [{"normalizedVertices": [{"x": 0.6327230870804534, "y": 0.134549098853864}, {"x": 0.6327230870804534, "y": 0.10661365864361605}, {"x": 0.6540816117574992, "y": 0.10661365864361605}, {"x": 0.6540816117574992, "y": 0.134549098853864}]}], "type": "rectangle", "children": {}}]}}