{"CLASSIFICATION_JOB": {"categories": [{"confidence": 100, "name": "YES"}]}, "OBJECT_DETECTION_JOB": {"annotations": [{"boundingPoly": [{"normalizedVertices": [{"x": 0.546, "y": 0.084}, {"x": 0.544, "y": 0.086}, {"x": 0.526, "y": 0.086}, {"x": 0.524, "y": 0.088}, {"x": 0.52, "y": 0.088}, {"x": 0.516, "y": 0.092}, {"x": 0.514, "y": 0.092}, {"x": 0.512, "y": 0.094}, {"x": 0.458, "y": 0.094}, {"x": 0.456, "y": 0.092}, {"x": 0.436, "y": 0.092}, {"x": 0.434, "y": 0.094}, {"x": 0.422, "y": 0.094}, {"x": 0.42, "y": 0.096}, {"x": 0.404, "y": 0.096}, {"x": 0.402, "y": 0.098}, {"x": 0.376, "y": 0.098}, {"x": 0.374, "y": 0.1}, {"x": 0.366, "y": 0.1}, {"x": 0.364, "y": 0.102}, {"x": 0.358, "y": 0.102}, {"x": 0.356, "y": 0.104}, {"x": 0.354, "y": 0.104}, {"x": 0.352, "y": 0.106}, {"x": 0.35, "y": 0.106}, {"x": 0.346, "y": 0.11}, {"x": 0.342, "y": 0.11}, {"x": 0.34, "y": 0.112}, {"x": 0.334, "y": 0.112}, {"x": 0.332, "y": 0.114}, {"x": 0.328, "y": 0.114}, {"x": 0.326, "y": 0.116}, {"x": 0.322, "y": 0.116}, {"x": 0.32, "y": 0.118}, {"x": 0.318, "y": 0.118}, {"x": 0.316, "y": 0.12}, {"x": 0.314, "y": 0.12}, {"x": 0.312, "y": 0.122}, {"x": 0.31, "y": 0.122}, {"x": 0.306, "y": 0.126}, {"x": 0.304, "y": 0.126}, {"x": 0.302, "y": 0.128}, {"x": 0.3, "y": 0.128}, {"x": 0.296, "y": 0.132}, {"x": 0.294, "y": 0.132}, {"x": 0.292, "y": 0.134}, {"x": 0.29, "y": 0.134}, {"x": 0.288, "y": 0.136}, {"x": 0.286, "y": 0.136}, {"x": 0.282, "y": 0.14}, {"x": 0.28, "y": 0.14}, {"x": 0.276, "y": 0.144}, {"x": 0.274, "y": 0.144}, {"x": 0.272, "y": 0.146}, {"x": 0.27, "y": 0.146}, {"x": 0.266, "y": 0.15}, {"x": 0.264, "y": 0.15}, {"x": 0.26, "y": 0.154}, {"x": 0.258, "y": 0.154}, {"x": 0.252, "y": 0.16}, {"x": 0.25, "y": 0.16}, {"x": 0.246, "y": 0.164}, {"x": 0.244, "y": 0.164}, {"x": 0.232, "y": 0.176}, {"x": 0.232, "y": 0.178}, {"x": 0.224, "y": 0.186}, {"x": 0.224, "y": 0.188}, {"x": 0.222, "y": 0.19}, {"x": 0.222, "y": 0.192}, {"x": 0.218, "y": 0.196}, {"x": 0.218, "y": 0.198}, {"x": 0.216, "y": 0.2}, {"x": 0.216, "y": 0.202}, {"x": 0.214, "y": 0.204}, {"x": 0.214, "y": 0.206}, {"x": 0.212, "y": 0.208}, {"x": 0.212, "y": 0.21}, {"x": 0.21, "y": 0.212}, {"x": 0.21, "y": 0.214}, {"x": 0.208, "y": 0.216}, {"x": 0.208, "y": 0.218}, {"x": 0.202, "y": 0.224}, {"x": 0.202, "y": 0.226}, {"x": 0.198, "y": 0.23}, {"x": 0.198, "y": 0.232}, {"x": 0.196, "y": 0.234}, {"x": 0.196, "y": 0.238}, {"x": 0.194, "y": 0.24}, {"x": 0.194, "y": 0.242}, {"x": 0.192, "y": 0.244}, {"x": 0.192, "y": 0.246}, {"x": 0.19, "y": 0.248}, {"x": 0.19, "y": 0.25}, {"x": 0.186, "y": 0.254}, {"x": 0.186, "y": 0.256}, {"x": 0.184, "y": 0.258}, {"x": 0.184, "y": 0.26}, {"x": 0.18, "y": 0.264}, {"x": 0.18, "y": 0.266}, {"x": 0.176, "y": 0.27}, {"x": 0.176, "y": 0.272}, {"x": 0.172, "y": 0.276}, {"x": 0.172, "y": 0.278}, {"x": 0.168, "y": 0.282}, {"x": 0.168, "y": 0.284}, {"x": 0.166, "y": 0.286}, {"x": 0.166, "y": 0.288}, {"x": 0.164, "y": 0.29}, {"x": 0.164, "y": 0.294}, {"x": 0.162, "y": 0.296}, {"x": 0.162, "y": 0.298}, {"x": 0.16, "y": 0.3}, {"x": 0.16, "y": 0.302}, {"x": 0.158, "y": 0.304}, {"x": 0.158, "y": 0.308}, {"x": 0.156, "y": 0.31}, {"x": 0.156, "y": 0.312}, {"x": 0.154, "y": 0.314}, {"x": 0.154, "y": 0.318}, {"x": 0.152, "y": 0.32}, {"x": 0.152, "y": 0.324}, {"x": 0.15, "y": 0.326}, {"x": 0.15, "y": 0.328}, {"x": 0.148, "y": 0.33}, {"x": 0.148, "y": 0.332}, {"x": 0.146, "y": 0.334}, {"x": 0.146, "y": 0.336}, {"x": 0.144, "y": 0.338}, {"x": 0.144, "y": 0.34}, {"x": 0.142, "y": 0.342}, {"x": 0.142, "y": 0.344}, {"x": 0.14, "y": 0.346}, {"x": 0.14, "y": 0.348}, {"x": 0.138, "y": 0.35}, {"x": 0.138, "y": 0.352}, {"x": 0.136, "y": 0.354}, {"x": 0.136, "y": 0.358}, {"x": 0.134, "y": 0.36}, {"x": 0.134, "y": 0.364}, {"x": 0.132, "y": 0.366}, {"x": 0.132, "y": 0.37}, {"x": 0.13, "y": 0.372}, {"x": 0.13, "y": 0.378}, {"x": 0.128, "y": 0.38}, {"x": 0.128, "y": 0.386}, {"x": 0.126, "y": 0.388}, {"x": 0.126, "y": 0.392}, {"x": 0.124, "y": 0.394}, {"x": 0.124, "y": 0.398}, {"x": 0.122, "y": 0.4}, {"x": 0.122, "y": 0.406}, {"x": 0.12, "y": 0.408}, {"x": 0.12, "y": 0.414}, {"x": 0.118, "y": 0.416}, {"x": 0.118, "y": 0.424}, {"x": 0.116, "y": 0.426}, {"x": 0.116, "y": 0.432}, {"x": 0.114, "y": 0.434}, {"x": 0.114, "y": 0.448}, {"x": 0.112, "y": 0.45}, {"x": 0.112, "y": 0.464}, {"x": 0.11, "y": 0.466}, {"x": 0.11, "y": 0.482}, {"x": 0.108, "y": 0.484}, {"x": 0.108, "y": 0.502}, {"x": 0.106, "y": 0.504}, {"x": 0.106, "y": 0.506}, {"x": 0.104, "y": 0.508}, {"x": 0.104, "y": 0.514}, {"x": 0.102, "y": 0.516}, {"x": 0.104, "y": 0.518}, {"x": 0.104, "y": 0.524}, {"x": 0.102, "y": 0.526}, {"x": 0.102, "y": 0.54}, {"x": 0.104, "y": 0.542}, {"x": 0.104, "y": 0.548}, {"x": 0.108, "y": 0.552}, {"x": 0.108, "y": 0.558}, {"x": 0.11, "y": 0.56}, {"x": 0.11, "y": 0.57}, {"x": 0.112, "y": 0.572}, {"x": 0.112, "y": 0.584}, {"x": 0.114, "y": 0.586}, {"x": 0.114, "y": 0.596}, {"x": 0.116, "y": 0.598}, {"x": 0.116, "y": 0.606}, {"x": 0.118, "y": 0.608}, {"x": 0.118, "y": 0.616}, {"x": 0.12, "y": 0.618}, {"x": 0.12, "y": 0.626}, {"x": 0.122, "y": 0.628}, {"x": 0.122, "y": 0.632}, {"x": 0.124, "y": 0.634}, {"x": 0.124, "y": 0.638}, {"x": 0.126, "y": 0.64}, {"x": 0.126, "y": 0.646}, {"x": 0.128, "y": 0.648}, {"x": 0.128, "y": 0.654}, {"x": 0.13, "y": 0.656}, {"x": 0.13, "y": 0.662}, {"x": 0.132, "y": 0.664}, {"x": 0.132, "y": 0.666}, {"x": 0.134, "y": 0.668}, {"x": 0.134, "y": 0.674}, {"x": 0.136, "y": 0.676}, {"x": 0.136, "y": 0.68}, {"x": 0.138, "y": 0.682}, {"x": 0.138, "y": 0.688}, {"x": 0.14, "y": 0.69}, {"x": 0.14, "y": 0.692}, {"x": 0.142, "y": 0.694}, {"x": 0.142, "y": 0.698}, {"x": 0.144, "y": 0.7}, {"x": 0.144, "y": 0.704}, {"x": 0.146, "y": 0.706}, {"x": 0.146, "y": 0.71}, {"x": 0.148, "y": 0.712}, {"x": 0.148, "y": 0.714}, {"x": 0.15, "y": 0.716}, {"x": 0.15, "y": 0.72}, {"x": 0.152, "y": 0.722}, {"x": 0.152, "y": 0.724}, {"x": 0.154, "y": 0.726}, {"x": 0.154, "y": 0.728}, {"x": 0.156, "y": 0.73}, {"x": 0.156, "y": 0.732}, {"x": 0.158, "y": 0.734}, {"x": 0.158, "y": 0.738}, {"x": 0.16, "y": 0.74}, {"x": 0.16, "y": 0.742}, {"x": 0.162, "y": 0.744}, {"x": 0.162, "y": 0.746}, {"x": 0.164, "y": 0.748}, {"x": 0.164, "y": 0.75}, {"x": 0.168, "y": 0.754}, {"x": 0.168, "y": 0.756}, {"x": 0.17, "y": 0.758}, {"x": 0.17, "y": 0.76}, {"x": 0.174, "y": 0.764}, {"x": 0.174, "y": 0.766}, {"x": 0.176, "y": 0.768}, {"x": 0.176, "y": 0.77}, {"x": 0.178, "y": 0.772}, {"x": 0.178, "y": 0.774}, {"x": 0.182, "y": 0.778}, {"x": 0.182, "y": 0.78}, {"x": 0.184, "y": 0.782}, {"x": 0.184, "y": 0.784}, {"x": 0.186, "y": 0.786}, {"x": 0.186, "y": 0.788}, {"x": 0.19, "y": 0.792}, {"x": 0.19, "y": 0.794}, {"x": 0.194, "y": 0.798}, {"x": 0.194, "y": 0.8}, {"x": 0.198, "y": 0.804}, {"x": 0.198, "y": 0.806}, {"x": 0.208, "y": 0.816}, {"x": 0.208, "y": 0.818}, {"x": 0.218, "y": 0.828}, {"x": 0.218, "y": 0.83}, {"x": 0.24, "y": 0.852}, {"x": 0.24, "y": 0.854}, {"x": 0.248, "y": 0.862}, {"x": 0.25, "y": 0.862}, {"x": 0.252, "y": 0.864}, {"x": 0.256, "y": 0.864}, {"x": 0.258, "y": 0.866}, {"x": 0.26, "y": 0.866}, {"x": 0.262, "y": 0.868}, {"x": 0.264, "y": 0.868}, {"x": 0.266, "y": 0.87}, {"x": 0.268, "y": 0.87}, {"x": 0.27, "y": 0.872}, {"x": 0.272, "y": 0.872}, {"x": 0.274, "y": 0.874}, {"x": 0.276, "y": 0.874}, {"x": 0.28, "y": 0.878}, {"x": 0.282, "y": 0.878}, {"x": 0.284, "y": 0.88}, {"x": 0.286, "y": 0.88}, {"x": 0.29, "y": 0.884}, {"x": 0.292, "y": 0.884}, {"x": 0.294, "y": 0.886}, {"x": 0.296, "y": 0.886}, {"x": 0.3, "y": 0.89}, {"x": 0.302, "y": 0.89}, {"x": 0.304, "y": 0.892}, {"x": 0.306, "y": 0.892}, {"x": 0.308, "y": 0.894}, {"x": 0.31, "y": 0.894}, {"x": 0.312, "y": 0.896}, {"x": 0.314, "y": 0.896}, {"x": 0.318, "y": 0.9}, {"x": 0.32, "y": 0.9}, {"x": 0.322, "y": 0.902}, {"x": 0.324, "y": 0.902}, {"x": 0.326, "y": 0.904}, {"x": 0.33, "y": 0.904}, {"x": 0.332, "y": 0.906}, {"x": 0.336, "y": 0.906}, {"x": 0.338, "y": 0.908}, {"x": 0.34, "y": 0.908}, {"x": 0.342, "y": 0.91}, {"x": 0.346, "y": 0.91}, {"x": 0.348, "y": 0.912}, {"x": 0.35, "y": 0.912}, {"x": 0.352, "y": 0.914}, {"x": 0.356, "y": 0.914}, {"x": 0.358, "y": 0.916}, {"x": 0.36, "y": 0.916}, {"x": 0.362, "y": 0.918}, {"x": 0.366, "y": 0.918}, {"x": 0.368, "y": 0.92}, {"x": 0.372, "y": 0.92}, {"x": 0.374, "y": 0.922}, {"x": 0.38, "y": 0.922}, {"x": 0.382, "y": 0.924}, {"x": 0.388, "y": 0.924}, {"x": 0.39, "y": 0.926}, {"x": 0.394, "y": 0.926}, {"x": 0.396, "y": 0.928}, {"x": 0.402, "y": 0.928}, {"x": 0.404, "y": 0.93}, {"x": 0.414, "y": 0.93}, {"x": 0.416, "y": 0.932}, {"x": 0.424, "y": 0.932}, {"x": 0.426, "y": 0.934}, {"x": 0.44, "y": 0.934}, {"x": 0.442, "y": 0.936}, {"x": 0.494, "y": 0.936}, {"x": 0.496, "y": 0.934}, {"x": 0.506, "y": 0.934}, {"x": 0.508, "y": 0.932}, {"x": 0.514, "y": 0.932}, {"x": 0.516, "y": 0.93}, {"x": 0.522, "y": 0.93}, {"x": 0.524, "y": 0.928}, {"x": 0.526, "y": 0.928}, {"x": 0.528, "y": 0.926}, {"x": 0.53, "y": 0.926}, {"x": 0.532, "y": 0.924}, {"x": 0.542, "y": 0.924}, {"x": 0.544, "y": 0.922}, {"x": 0.552, "y": 0.922}, {"x": 0.554, "y": 0.92}, {"x": 0.558, "y": 0.92}, {"x": 0.562, "y": 0.916}, {"x": 0.568, "y": 0.916}, {"x": 0.57, "y": 0.914}, {"x": 0.572, "y": 0.914}, {"x": 0.574, "y": 0.912}, {"x": 0.576, "y": 0.912}, {"x": 0.578, "y": 0.91}, {"x": 0.58, "y": 0.91}, {"x": 0.582, "y": 0.908}, {"x": 0.586, "y": 0.908}, {"x": 0.588, "y": 0.906}, {"x": 0.592, "y": 0.906}, {"x": 0.594, "y": 0.904}, {"x": 0.596, "y": 0.904}, {"x": 0.598, "y": 0.902}, {"x": 0.6, "y": 0.902}, {"x": 0.602, "y": 0.9}, {"x": 0.604, "y": 0.9}, {"x": 0.606, "y": 0.898}, {"x": 0.608, "y": 0.898}, {"x": 0.61, "y": 0.896}, {"x": 0.612, "y": 0.896}, {"x": 0.614, "y": 0.894}, {"x": 0.616, "y": 0.894}, {"x": 0.62, "y": 0.89}, {"x": 0.624, "y": 0.89}, {"x": 0.626, "y": 0.888}, {"x": 0.628, "y": 0.888}, {"x": 0.63, "y": 0.886}, {"x": 0.632, "y": 0.886}, {"x": 0.634, "y": 0.884}, {"x": 0.636, "y": 0.884}, {"x": 0.638, "y": 0.882}, {"x": 0.642, "y": 0.882}, {"x": 0.644, "y": 0.88}, {"x": 0.652, "y": 0.88}, {"x": 0.654, "y": 0.878}, {"x": 0.664, "y": 0.878}, {"x": 0.666, "y": 0.876}, {"x": 0.67, "y": 0.876}, {"x": 0.674, "y": 0.872}, {"x": 0.676, "y": 0.872}, {"x": 0.678, "y": 0.87}, {"x": 0.68, "y": 0.87}, {"x": 0.68, "y": 0.868}, {"x": 0.69, "y": 0.858}, {"x": 0.692, "y": 0.858}, {"x": 0.694, "y": 0.856}, {"x": 0.696, "y": 0.856}, {"x": 0.7, "y": 0.852}, {"x": 0.702, "y": 0.852}, {"x": 0.706, "y": 0.848}, {"x": 0.706, "y": 0.846}, {"x": 0.726, "y": 0.826}, {"x": 0.728, "y": 0.826}, {"x": 0.738, "y": 0.816}, {"x": 0.738, "y": 0.812}, {"x": 0.744, "y": 0.806}, {"x": 0.744, "y": 0.804}, {"x": 0.754, "y": 0.794}, {"x": 0.754, "y": 0.792}, {"x": 0.758, "y": 0.788}, {"x": 0.758, "y": 0.784}, {"x": 0.76, "y": 0.782}, {"x": 0.76, "y": 0.778}, {"x": 0.762, "y": 0.776}, {"x": 0.762, "y": 0.774}, {"x": 0.766, "y": 0.77}, {"x": 0.766, "y": 0.768}, {"x": 0.768, "y": 0.766}, {"x": 0.768, "y": 0.764}, {"x": 0.772, "y": 0.76}, {"x": 0.772, "y": 0.758}, {"x": 0.774, "y": 0.756}, {"x": 0.774, "y": 0.754}, {"x": 0.776, "y": 0.752}, {"x": 0.776, "y": 0.75}, {"x": 0.778, "y": 0.748}, {"x": 0.778, "y": 0.746}, {"x": 0.78, "y": 0.744}, {"x": 0.78, "y": 0.742}, {"x": 0.782, "y": 0.74}, {"x": 0.782, "y": 0.738}, {"x": 0.784, "y": 0.736}, {"x": 0.784, "y": 0.732}, {"x": 0.786, "y": 0.73}, {"x": 0.786, "y": 0.728}, {"x": 0.79, "y": 0.724}, {"x": 0.79, "y": 0.72}, {"x": 0.792, "y": 0.718}, {"x": 0.792, "y": 0.716}, {"x": 0.794, "y": 0.714}, {"x": 0.794, "y": 0.71}, {"x": 0.796, "y": 0.708}, {"x": 0.796, "y": 0.704}, {"x": 0.798, "y": 0.702}, {"x": 0.798, "y": 0.692}, {"x": 0.8, "y": 0.69}, {"x": 0.8, "y": 0.686}, {"x": 0.802, "y": 0.684}, {"x": 0.802, "y": 0.678}, {"x": 0.804, "y": 0.676}, {"x": 0.804, "y": 0.672}, {"x": 0.806, "y": 0.67}, {"x": 0.806, "y": 0.664}, {"x": 0.808, "y": 0.662}, {"x": 0.808, "y": 0.656}, {"x": 0.81, "y": 0.654}, {"x": 0.81, "y": 0.648}, {"x": 0.812, "y": 0.646}, {"x": 0.812, "y": 0.64}, {"x": 0.814, "y": 0.638}, {"x": 0.814, "y": 0.634}, {"x": 0.816, "y": 0.632}, {"x": 0.816, "y": 0.626}, {"x": 0.818, "y": 0.624}, {"x": 0.818, "y": 0.622}, {"x": 0.82, "y": 0.62}, {"x": 0.82, "y": 0.616}, {"x": 0.822, "y": 0.614}, {"x": 0.822, "y": 0.496}, {"x": 0.824, "y": 0.494}, {"x": 0.824, "y": 0.44}, {"x": 0.822, "y": 0.438}, {"x": 0.822, "y": 0.424}, {"x": 0.82, "y": 0.422}, {"x": 0.82, "y": 0.41}, {"x": 0.818, "y": 0.408}, {"x": 0.818, "y": 0.404}, {"x": 0.816, "y": 0.402}, {"x": 0.816, "y": 0.4}, {"x": 0.814, "y": 0.398}, {"x": 0.814, "y": 0.394}, {"x": 0.812, "y": 0.392}, {"x": 0.812, "y": 0.39}, {"x": 0.81, "y": 0.388}, {"x": 0.81, "y": 0.384}, {"x": 0.808, "y": 0.382}, {"x": 0.808, "y": 0.374}, {"x": 0.806, "y": 0.372}, {"x": 0.806, "y": 0.364}, {"x": 0.804, "y": 0.362}, {"x": 0.804, "y": 0.346}, {"x": 0.806, "y": 0.344}, {"x": 0.806, "y": 0.342}, {"x": 0.808, "y": 0.34}, {"x": 0.808, "y": 0.336}, {"x": 0.806, "y": 0.334}, {"x": 0.806, "y": 0.33}, {"x": 0.804, "y": 0.33}, {"x": 0.802, "y": 0.328}, {"x": 0.8, "y": 0.328}, {"x": 0.792, "y": 0.32}, {"x": 0.792, "y": 0.318}, {"x": 0.788, "y": 0.314}, {"x": 0.788, "y": 0.312}, {"x": 0.786, "y": 0.31}, {"x": 0.786, "y": 0.308}, {"x": 0.782, "y": 0.304}, {"x": 0.782, "y": 0.302}, {"x": 0.778, "y": 0.298}, {"x": 0.778, "y": 0.296}, {"x": 0.776, "y": 0.294}, {"x": 0.776, "y": 0.292}, {"x": 0.774, "y": 0.29}, {"x": 0.774, "y": 0.288}, {"x": 0.772, "y": 0.286}, {"x": 0.772, "y": 0.284}, {"x": 0.768, "y": 0.28}, {"x": 0.768, "y": 0.278}, {"x": 0.766, "y": 0.276}, {"x": 0.766, "y": 0.274}, {"x": 0.762, "y": 0.27}, {"x": 0.762, "y": 0.268}, {"x": 0.76, "y": 0.266}, {"x": 0.76, "y": 0.264}, {"x": 0.758, "y": 0.262}, {"x": 0.758, "y": 0.26}, {"x": 0.756, "y": 0.258}, {"x": 0.756, "y": 0.256}, {"x": 0.752, "y": 0.252}, {"x": 0.752, "y": 0.25}, {"x": 0.744, "y": 0.242}, {"x": 0.744, "y": 0.24}, {"x": 0.736, "y": 0.232}, {"x": 0.736, "y": 0.23}, {"x": 0.728, "y": 0.222}, {"x": 0.726, "y": 0.222}, {"x": 0.722, "y": 0.218}, {"x": 0.722, "y": 0.216}, {"x": 0.72, "y": 0.214}, {"x": 0.72, "y": 0.212}, {"x": 0.718, "y": 0.21}, {"x": 0.718, "y": 0.208}, {"x": 0.716, "y": 0.206}, {"x": 0.716, "y": 0.204}, {"x": 0.674, "y": 0.162}, {"x": 0.672, "y": 0.162}, {"x": 0.666, "y": 0.156}, {"x": 0.664, "y": 0.156}, {"x": 0.66, "y": 0.152}, {"x": 0.658, "y": 0.152}, {"x": 0.656, "y": 0.15}, {"x": 0.654, "y": 0.15}, {"x": 0.65, "y": 0.146}, {"x": 0.648, "y": 0.146}, {"x": 0.644, "y": 0.142}, {"x": 0.642, "y": 0.142}, {"x": 0.638, "y": 0.138}, {"x": 0.636, "y": 0.138}, {"x": 0.632, "y": 0.134}, {"x": 0.63, "y": 0.134}, {"x": 0.628, "y": 0.132}, {"x": 0.626, "y": 0.132}, {"x": 0.622, "y": 0.128}, {"x": 0.62, "y": 0.128}, {"x": 0.618, "y": 0.126}, {"x": 0.616, "y": 0.126}, {"x": 0.614, "y": 0.124}, {"x": 0.612, "y": 0.124}, {"x": 0.608, "y": 0.12}, {"x": 0.606, "y": 0.12}, {"x": 0.602, "y": 0.116}, {"x": 0.6, "y": 0.116}, {"x": 0.598, "y": 0.114}, {"x": 0.596, "y": 0.114}, {"x": 0.594, "y": 0.112}, {"x": 0.592, "y": 0.112}, {"x": 0.59, "y": 0.11}, {"x": 0.588, "y": 0.11}, {"x": 0.586, "y": 0.108}, {"x": 0.584, "y": 0.108}, {"x": 0.58, "y": 0.104}, {"x": 0.578, "y": 0.104}, {"x": 0.568, "y": 0.094}, {"x": 0.568, "y": 0.092}, {"x": 0.566, "y": 0.09}, {"x": 0.566, "y": 0.088}, {"x": 0.564, "y": 0.088}, {"x": 0.562, "y": 0.086}, {"x": 0.558, "y": 0.086}, {"x": 0.556, "y": 0.084}]}], "categories": [{"name": "CONTOURS"}], "mid": "20220524113423SS-85230", "type": "polygon", "jobName": "OBJECT_DETECTION_JOB", "mlTask": "OBJECT_DETECTION", "children": {}}]}, "JOB_0": {"annotations": [{"categories": [{"confidence": 100, "name": "SCRATCH"}], "jobName": "JOB_0", "mid": "20220524113428SS-53377", "mlTask": "OBJECT_DETECTION", "boundingPoly": [{"normalizedVertices": [{"x": 0.42570969405677894, "y": 0.8214322757881989}, {"x": 0.42570969405677894, "y": 0.770491178934217}, {"x": 0.4897852680879164, "y": 0.770491178934217}, {"x": 0.4897852680879164, "y": 0.8214322757881989}]}], "type": "rectangle", "children": {}}, {"categories": [{"confidence": 100, "name": "SCRATCH"}], "jobName": "JOB_0", "mid": "20220524113439SS-99959", "mlTask": "OBJECT_DETECTION", "boundingPoly": [{"normalizedVertices": [{"x": 0.4733556337209581, "y": 0.29230217298232375}, {"x": 0.4733556337209581, "y": 0.2577936880167232}, {"x": 0.49800008527139555, "y": 0.2577936880167232}, {"x": 0.49800008527139555, "y": 0.29230217298232375}]}], "type": "rectangle", "children": {}}, {"categories": [{"confidence": 100, "name": "SCRATCH"}], "jobName": "JOB_0", "mid": "20220524113441SS-14492", "mlTask": "OBJECT_DETECTION", "boundingPoly": [{"normalizedVertices": [{"x": 0.6212223430235827, "y": 0.4286928516558879}, {"x": 0.6212223430235827, "y": 0.3646056652912011}, {"x": 0.6458667945740201, "y": 0.3646056652912011}, {"x": 0.6458667945740201, "y": 0.4286928516558879}]}], "type": "rectangle", "children": {}}]}}