{"OBJECT_DETECTION_JOB": {"annotations": [{"boundingPoly": [{"normalizedVertices": [{"x": 0.452, "y": 0.07}, {"x": 0.45, "y": 0.072}, {"x": 0.418, "y": 0.072}, {"x": 0.416, "y": 0.074}, {"x": 0.4, "y": 0.074}, {"x": 0.398, "y": 0.076}, {"x": 0.386, "y": 0.076}, {"x": 0.384, "y": 0.078}, {"x": 0.376, "y": 0.078}, {"x": 0.374, "y": 0.08}, {"x": 0.364, "y": 0.08}, {"x": 0.362, "y": 0.082}, {"x": 0.356, "y": 0.082}, {"x": 0.354, "y": 0.084}, {"x": 0.344, "y": 0.084}, {"x": 0.342, "y": 0.086}, {"x": 0.336, "y": 0.086}, {"x": 0.334, "y": 0.088}, {"x": 0.326, "y": 0.088}, {"x": 0.324, "y": 0.09}, {"x": 0.316, "y": 0.09}, {"x": 0.314, "y": 0.092}, {"x": 0.31, "y": 0.092}, {"x": 0.308, "y": 0.094}, {"x": 0.304, "y": 0.094}, {"x": 0.302, "y": 0.096}, {"x": 0.3, "y": 0.096}, {"x": 0.298, "y": 0.098}, {"x": 0.294, "y": 0.098}, {"x": 0.292, "y": 0.1}, {"x": 0.29, "y": 0.1}, {"x": 0.288, "y": 0.102}, {"x": 0.284, "y": 0.102}, {"x": 0.282, "y": 0.104}, {"x": 0.278, "y": 0.104}, {"x": 0.276, "y": 0.106}, {"x": 0.274, "y": 0.106}, {"x": 0.272, "y": 0.108}, {"x": 0.27, "y": 0.108}, {"x": 0.268, "y": 0.11}, {"x": 0.264, "y": 0.11}, {"x": 0.262, "y": 0.112}, {"x": 0.26, "y": 0.112}, {"x": 0.258, "y": 0.114}, {"x": 0.256, "y": 0.114}, {"x": 0.254, "y": 0.116}, {"x": 0.252, "y": 0.116}, {"x": 0.25, "y": 0.118}, {"x": 0.248, "y": 0.118}, {"x": 0.246, "y": 0.12}, {"x": 0.244, "y": 0.12}, {"x": 0.24, "y": 0.124}, {"x": 0.238, "y": 0.124}, {"x": 0.236, "y": 0.126}, {"x": 0.234, "y": 0.126}, {"x": 0.232, "y": 0.128}, {"x": 0.23, "y": 0.128}, {"x": 0.226, "y": 0.132}, {"x": 0.224, "y": 0.132}, {"x": 0.222, "y": 0.134}, {"x": 0.22, "y": 0.134}, {"x": 0.218, "y": 0.136}, {"x": 0.216, "y": 0.136}, {"x": 0.214, "y": 0.138}, {"x": 0.212, "y": 0.138}, {"x": 0.21, "y": 0.14}, {"x": 0.208, "y": 0.14}, {"x": 0.206, "y": 0.142}, {"x": 0.204, "y": 0.142}, {"x": 0.202, "y": 0.144}, {"x": 0.2, "y": 0.144}, {"x": 0.198, "y": 0.146}, {"x": 0.196, "y": 0.146}, {"x": 0.194, "y": 0.148}, {"x": 0.192, "y": 0.148}, {"x": 0.19, "y": 0.15}, {"x": 0.188, "y": 0.15}, {"x": 0.184, "y": 0.154}, {"x": 0.182, "y": 0.154}, {"x": 0.18, "y": 0.156}, {"x": 0.178, "y": 0.156}, {"x": 0.176, "y": 0.158}, {"x": 0.174, "y": 0.158}, {"x": 0.17, "y": 0.162}, {"x": 0.168, "y": 0.162}, {"x": 0.164, "y": 0.166}, {"x": 0.162, "y": 0.166}, {"x": 0.156, "y": 0.172}, {"x": 0.154, "y": 0.172}, {"x": 0.15, "y": 0.176}, {"x": 0.148, "y": 0.176}, {"x": 0.142, "y": 0.182}, {"x": 0.14, "y": 0.182}, {"x": 0.13, "y": 0.192}, {"x": 0.128, "y": 0.192}, {"x": 0.122, "y": 0.198}, {"x": 0.12, "y": 0.198}, {"x": 0.09, "y": 0.228}, {"x": 0.09, "y": 0.23}, {"x": 0.082, "y": 0.238}, {"x": 0.082, "y": 0.24}, {"x": 0.074, "y": 0.248}, {"x": 0.074, "y": 0.25}, {"x": 0.066, "y": 0.258}, {"x": 0.066, "y": 0.26}, {"x": 0.062, "y": 0.264}, {"x": 0.062, "y": 0.266}, {"x": 0.056, "y": 0.272}, {"x": 0.056, "y": 0.274}, {"x": 0.052, "y": 0.278}, {"x": 0.052, "y": 0.28}, {"x": 0.05, "y": 0.282}, {"x": 0.05, "y": 0.284}, {"x": 0.046, "y": 0.288}, {"x": 0.046, "y": 0.29}, {"x": 0.042, "y": 0.294}, {"x": 0.042, "y": 0.296}, {"x": 0.038, "y": 0.3}, {"x": 0.038, "y": 0.302}, {"x": 0.036, "y": 0.304}, {"x": 0.036, "y": 0.306}, {"x": 0.034, "y": 0.308}, {"x": 0.034, "y": 0.31}, {"x": 0.032, "y": 0.312}, {"x": 0.032, "y": 0.314}, {"x": 0.028, "y": 0.318}, {"x": 0.028, "y": 0.32}, {"x": 0.026, "y": 0.322}, {"x": 0.026, "y": 0.324}, {"x": 0.024, "y": 0.326}, {"x": 0.024, "y": 0.328}, {"x": 0.022, "y": 0.33}, {"x": 0.022, "y": 0.332}, {"x": 0.02, "y": 0.334}, {"x": 0.02, "y": 0.336}, {"x": 0.018, "y": 0.338}, {"x": 0.018, "y": 0.342}, {"x": 0.016, "y": 0.344}, {"x": 0.016, "y": 0.346}, {"x": 0.014, "y": 0.348}, {"x": 0.014, "y": 0.352}, {"x": 0.012, "y": 0.354}, {"x": 0.012, "y": 0.356}, {"x": 0.01, "y": 0.358}, {"x": 0.01, "y": 0.362}, {"x": 0.008, "y": 0.364}, {"x": 0.008, "y": 0.368}, {"x": 0.006, "y": 0.37}, {"x": 0.006, "y": 0.374}, {"x": 0.004, "y": 0.376}, {"x": 0.004, "y": 0.378}, {"x": 0.002, "y": 0.38}, {"x": 0.002, "y": 0.382}, {"x": 0, "y": 0.384}, {"x": 0, "y": 0.656}, {"x": 0.002, "y": 0.658}, {"x": 0.002, "y": 0.66}, {"x": 0.004, "y": 0.662}, {"x": 0.004, "y": 0.666}, {"x": 0.006, "y": 0.668}, {"x": 0.006, "y": 0.672}, {"x": 0.008, "y": 0.674}, {"x": 0.008, "y": 0.678}, {"x": 0.01, "y": 0.68}, {"x": 0.01, "y": 0.684}, {"x": 0.012, "y": 0.686}, {"x": 0.012, "y": 0.688}, {"x": 0.014, "y": 0.69}, {"x": 0.014, "y": 0.692}, {"x": 0.016, "y": 0.694}, {"x": 0.016, "y": 0.698}, {"x": 0.018, "y": 0.7}, {"x": 0.018, "y": 0.702}, {"x": 0.02, "y": 0.704}, {"x": 0.02, "y": 0.708}, {"x": 0.022, "y": 0.71}, {"x": 0.022, "y": 0.712}, {"x": 0.024, "y": 0.714}, {"x": 0.024, "y": 0.716}, {"x": 0.026, "y": 0.718}, {"x": 0.026, "y": 0.72}, {"x": 0.028, "y": 0.722}, {"x": 0.028, "y": 0.724}, {"x": 0.03, "y": 0.726}, {"x": 0.03, "y": 0.728}, {"x": 0.032, "y": 0.73}, {"x": 0.032, "y": 0.732}, {"x": 0.036, "y": 0.736}, {"x": 0.036, "y": 0.738}, {"x": 0.038, "y": 0.74}, {"x": 0.038, "y": 0.742}, {"x": 0.042, "y": 0.746}, {"x": 0.042, "y": 0.748}, {"x": 0.046, "y": 0.752}, {"x": 0.046, "y": 0.754}, {"x": 0.05, "y": 0.758}, {"x": 0.05, "y": 0.76}, {"x": 0.054, "y": 0.764}, {"x": 0.054, "y": 0.766}, {"x": 0.06, "y": 0.772}, {"x": 0.06, "y": 0.774}, {"x": 0.068, "y": 0.782}, {"x": 0.068, "y": 0.784}, {"x": 0.076, "y": 0.792}, {"x": 0.076, "y": 0.794}, {"x": 0.088, "y": 0.806}, {"x": 0.088, "y": 0.808}, {"x": 0.114, "y": 0.834}, {"x": 0.116, "y": 0.834}, {"x": 0.13, "y": 0.848}, {"x": 0.132, "y": 0.848}, {"x": 0.14, "y": 0.856}, {"x": 0.142, "y": 0.856}, {"x": 0.148, "y": 0.862}, {"x": 0.15, "y": 0.862}, {"x": 0.158, "y": 0.87}, {"x": 0.16, "y": 0.87}, {"x": 0.166, "y": 0.876}, {"x": 0.168, "y": 0.876}, {"x": 0.172, "y": 0.88}, {"x": 0.174, "y": 0.88}, {"x": 0.178, "y": 0.884}, {"x": 0.18, "y": 0.884}, {"x": 0.182, "y": 0.886}, {"x": 0.184, "y": 0.886}, {"x": 0.188, "y": 0.89}, {"x": 0.19, "y": 0.89}, {"x": 0.194, "y": 0.894}, {"x": 0.196, "y": 0.894}, {"x": 0.198, "y": 0.896}, {"x": 0.2, "y": 0.896}, {"x": 0.202, "y": 0.898}, {"x": 0.204, "y": 0.898}, {"x": 0.208, "y": 0.902}, {"x": 0.21, "y": 0.902}, {"x": 0.212, "y": 0.904}, {"x": 0.214, "y": 0.904}, {"x": 0.216, "y": 0.906}, {"x": 0.218, "y": 0.906}, {"x": 0.22, "y": 0.908}, {"x": 0.222, "y": 0.908}, {"x": 0.224, "y": 0.91}, {"x": 0.226, "y": 0.91}, {"x": 0.228, "y": 0.912}, {"x": 0.23, "y": 0.912}, {"x": 0.232, "y": 0.914}, {"x": 0.234, "y": 0.914}, {"x": 0.236, "y": 0.916}, {"x": 0.238, "y": 0.916}, {"x": 0.24, "y": 0.918}, {"x": 0.242, "y": 0.918}, {"x": 0.244, "y": 0.92}, {"x": 0.246, "y": 0.92}, {"x": 0.248, "y": 0.922}, {"x": 0.25, "y": 0.922}, {"x": 0.252, "y": 0.924}, {"x": 0.254, "y": 0.924}, {"x": 0.256, "y": 0.926}, {"x": 0.26, "y": 0.926}, {"x": 0.262, "y": 0.928}, {"x": 0.264, "y": 0.928}, {"x": 0.266, "y": 0.93}, {"x": 0.268, "y": 0.93}, {"x": 0.27, "y": 0.932}, {"x": 0.272, "y": 0.932}, {"x": 0.274, "y": 0.934}, {"x": 0.278, "y": 0.934}, {"x": 0.28, "y": 0.936}, {"x": 0.284, "y": 0.936}, {"x": 0.286, "y": 0.938}, {"x": 0.29, "y": 0.938}, {"x": 0.292, "y": 0.94}, {"x": 0.296, "y": 0.94}, {"x": 0.298, "y": 0.942}, {"x": 0.304, "y": 0.942}, {"x": 0.306, "y": 0.944}, {"x": 0.31, "y": 0.944}, {"x": 0.312, "y": 0.946}, {"x": 0.316, "y": 0.946}, {"x": 0.318, "y": 0.948}, {"x": 0.322, "y": 0.948}, {"x": 0.324, "y": 0.95}, {"x": 0.33, "y": 0.95}, {"x": 0.332, "y": 0.952}, {"x": 0.338, "y": 0.952}, {"x": 0.34, "y": 0.954}, {"x": 0.346, "y": 0.954}, {"x": 0.348, "y": 0.956}, {"x": 0.356, "y": 0.956}, {"x": 0.358, "y": 0.958}, {"x": 0.366, "y": 0.958}, {"x": 0.368, "y": 0.96}, {"x": 0.378, "y": 0.96}, {"x": 0.38, "y": 0.962}, {"x": 0.39, "y": 0.962}, {"x": 0.392, "y": 0.964}, {"x": 0.402, "y": 0.964}, {"x": 0.404, "y": 0.966}, {"x": 0.432, "y": 0.966}, {"x": 0.434, "y": 0.968}, {"x": 0.506, "y": 0.968}, {"x": 0.508, "y": 0.966}, {"x": 0.532, "y": 0.966}, {"x": 0.534, "y": 0.964}, {"x": 0.546, "y": 0.964}, {"x": 0.548, "y": 0.962}, {"x": 0.554, "y": 0.962}, {"x": 0.556, "y": 0.96}, {"x": 0.564, "y": 0.96}, {"x": 0.566, "y": 0.958}, {"x": 0.574, "y": 0.958}, {"x": 0.576, "y": 0.956}, {"x": 0.582, "y": 0.956}, {"x": 0.584, "y": 0.954}, {"x": 0.592, "y": 0.954}, {"x": 0.594, "y": 0.952}, {"x": 0.6, "y": 0.952}, {"x": 0.602, "y": 0.95}, {"x": 0.608, "y": 0.95}, {"x": 0.61, "y": 0.948}, {"x": 0.616, "y": 0.948}, {"x": 0.618, "y": 0.946}, {"x": 0.622, "y": 0.946}, {"x": 0.624, "y": 0.944}, {"x": 0.626, "y": 0.944}, {"x": 0.628, "y": 0.942}, {"x": 0.632, "y": 0.942}, {"x": 0.634, "y": 0.94}, {"x": 0.638, "y": 0.94}, {"x": 0.64, "y": 0.938}, {"x": 0.644, "y": 0.938}, {"x": 0.646, "y": 0.936}, {"x": 0.648, "y": 0.936}, {"x": 0.65, "y": 0.934}, {"x": 0.654, "y": 0.934}, {"x": 0.656, "y": 0.932}, {"x": 0.66, "y": 0.932}, {"x": 0.662, "y": 0.93}, {"x": 0.664, "y": 0.93}, {"x": 0.666, "y": 0.928}, {"x": 0.67, "y": 0.928}, {"x": 0.672, "y": 0.926}, {"x": 0.676, "y": 0.926}, {"x": 0.678, "y": 0.924}, {"x": 0.68, "y": 0.924}, {"x": 0.682, "y": 0.922}, {"x": 0.684, "y": 0.922}, {"x": 0.686, "y": 0.92}, {"x": 0.69, "y": 0.92}, {"x": 0.692, "y": 0.918}, {"x": 0.694, "y": 0.918}, {"x": 0.696, "y": 0.916}, {"x": 0.7, "y": 0.916}, {"x": 0.702, "y": 0.914}, {"x": 0.704, "y": 0.914}, {"x": 0.706, "y": 0.912}, {"x": 0.708, "y": 0.912}, {"x": 0.71, "y": 0.91}, {"x": 0.714, "y": 0.91}, {"x": 0.716, "y": 0.908}, {"x": 0.718, "y": 0.908}, {"x": 0.722, "y": 0.904}, {"x": 0.724, "y": 0.904}, {"x": 0.726, "y": 0.902}, {"x": 0.728, "y": 0.902}, {"x": 0.73, "y": 0.9}, {"x": 0.732, "y": 0.9}, {"x": 0.738, "y": 0.894}, {"x": 0.74, "y": 0.894}, {"x": 0.744, "y": 0.89}, {"x": 0.746, "y": 0.89}, {"x": 0.75, "y": 0.886}, {"x": 0.752, "y": 0.886}, {"x": 0.756, "y": 0.882}, {"x": 0.758, "y": 0.882}, {"x": 0.764, "y": 0.876}, {"x": 0.766, "y": 0.876}, {"x": 0.772, "y": 0.87}, {"x": 0.774, "y": 0.87}, {"x": 0.784, "y": 0.86}, {"x": 0.786, "y": 0.86}, {"x": 0.796, "y": 0.85}, {"x": 0.798, "y": 0.85}, {"x": 0.814, "y": 0.834}, {"x": 0.816, "y": 0.834}, {"x": 0.818, "y": 0.832}, {"x": 0.818, "y": 0.83}, {"x": 0.82, "y": 0.828}, {"x": 0.822, "y": 0.828}, {"x": 0.838, "y": 0.812}, {"x": 0.838, "y": 0.81}, {"x": 0.856, "y": 0.792}, {"x": 0.856, "y": 0.79}, {"x": 0.868, "y": 0.778}, {"x": 0.868, "y": 0.776}, {"x": 0.876, "y": 0.768}, {"x": 0.876, "y": 0.766}, {"x": 0.884, "y": 0.758}, {"x": 0.884, "y": 0.756}, {"x": 0.888, "y": 0.752}, {"x": 0.888, "y": 0.75}, {"x": 0.892, "y": 0.746}, {"x": 0.892, "y": 0.744}, {"x": 0.896, "y": 0.74}, {"x": 0.896, "y": 0.738}, {"x": 0.9, "y": 0.734}, {"x": 0.9, "y": 0.732}, {"x": 0.902, "y": 0.73}, {"x": 0.902, "y": 0.728}, {"x": 0.904, "y": 0.726}, {"x": 0.904, "y": 0.724}, {"x": 0.906, "y": 0.722}, {"x": 0.906, "y": 0.72}, {"x": 0.91, "y": 0.716}, {"x": 0.91, "y": 0.714}, {"x": 0.912, "y": 0.712}, {"x": 0.912, "y": 0.71}, {"x": 0.914, "y": 0.708}, {"x": 0.914, "y": 0.706}, {"x": 0.916, "y": 0.704}, {"x": 0.916, "y": 0.702}, {"x": 0.918, "y": 0.7}, {"x": 0.918, "y": 0.698}, {"x": 0.92, "y": 0.696}, {"x": 0.92, "y": 0.692}, {"x": 0.922, "y": 0.69}, {"x": 0.922, "y": 0.688}, {"x": 0.924, "y": 0.686}, {"x": 0.924, "y": 0.684}, {"x": 0.926, "y": 0.682}, {"x": 0.926, "y": 0.678}, {"x": 0.928, "y": 0.676}, {"x": 0.928, "y": 0.672}, {"x": 0.93, "y": 0.67}, {"x": 0.93, "y": 0.668}, {"x": 0.932, "y": 0.666}, {"x": 0.932, "y": 0.66}, {"x": 0.934, "y": 0.658}, {"x": 0.934, "y": 0.652}, {"x": 0.936, "y": 0.65}, {"x": 0.936, "y": 0.648}, {"x": 0.938, "y": 0.646}, {"x": 0.938, "y": 0.642}, {"x": 0.94, "y": 0.64}, {"x": 0.94, "y": 0.634}, {"x": 0.942, "y": 0.632}, {"x": 0.942, "y": 0.626}, {"x": 0.944, "y": 0.624}, {"x": 0.944, "y": 0.618}, {"x": 0.946, "y": 0.616}, {"x": 0.946, "y": 0.612}, {"x": 0.948, "y": 0.61}, {"x": 0.948, "y": 0.602}, {"x": 0.95, "y": 0.6}, {"x": 0.95, "y": 0.592}, {"x": 0.952, "y": 0.59}, {"x": 0.952, "y": 0.582}, {"x": 0.954, "y": 0.58}, {"x": 0.954, "y": 0.572}, {"x": 0.956, "y": 0.57}, {"x": 0.956, "y": 0.55}, {"x": 0.958, "y": 0.548}, {"x": 0.958, "y": 0.472}, {"x": 0.956, "y": 0.47}, {"x": 0.956, "y": 0.452}, {"x": 0.954, "y": 0.45}, {"x": 0.954, "y": 0.442}, {"x": 0.952, "y": 0.44}, {"x": 0.952, "y": 0.434}, {"x": 0.95, "y": 0.432}, {"x": 0.95, "y": 0.422}, {"x": 0.948, "y": 0.42}, {"x": 0.948, "y": 0.414}, {"x": 0.946, "y": 0.412}, {"x": 0.946, "y": 0.408}, {"x": 0.944, "y": 0.406}, {"x": 0.944, "y": 0.402}, {"x": 0.942, "y": 0.4}, {"x": 0.942, "y": 0.394}, {"x": 0.94, "y": 0.392}, {"x": 0.94, "y": 0.386}, {"x": 0.938, "y": 0.384}, {"x": 0.938, "y": 0.382}, {"x": 0.936, "y": 0.38}, {"x": 0.936, "y": 0.376}, {"x": 0.934, "y": 0.374}, {"x": 0.934, "y": 0.37}, {"x": 0.932, "y": 0.368}, {"x": 0.932, "y": 0.364}, {"x": 0.93, "y": 0.362}, {"x": 0.93, "y": 0.36}, {"x": 0.928, "y": 0.358}, {"x": 0.928, "y": 0.356}, {"x": 0.926, "y": 0.354}, {"x": 0.926, "y": 0.35}, {"x": 0.924, "y": 0.348}, {"x": 0.924, "y": 0.346}, {"x": 0.922, "y": 0.344}, {"x": 0.922, "y": 0.342}, {"x": 0.92, "y": 0.34}, {"x": 0.92, "y": 0.338}, {"x": 0.918, "y": 0.336}, {"x": 0.918, "y": 0.334}, {"x": 0.916, "y": 0.332}, {"x": 0.916, "y": 0.33}, {"x": 0.914, "y": 0.328}, {"x": 0.914, "y": 0.326}, {"x": 0.912, "y": 0.324}, {"x": 0.912, "y": 0.322}, {"x": 0.908, "y": 0.318}, {"x": 0.908, "y": 0.316}, {"x": 0.906, "y": 0.314}, {"x": 0.906, "y": 0.312}, {"x": 0.904, "y": 0.31}, {"x": 0.904, "y": 0.308}, {"x": 0.902, "y": 0.306}, {"x": 0.902, "y": 0.304}, {"x": 0.898, "y": 0.3}, {"x": 0.898, "y": 0.298}, {"x": 0.896, "y": 0.296}, {"x": 0.896, "y": 0.294}, {"x": 0.892, "y": 0.29}, {"x": 0.892, "y": 0.288}, {"x": 0.888, "y": 0.284}, {"x": 0.888, "y": 0.282}, {"x": 0.882, "y": 0.276}, {"x": 0.882, "y": 0.274}, {"x": 0.876, "y": 0.268}, {"x": 0.876, "y": 0.266}, {"x": 0.87, "y": 0.26}, {"x": 0.87, "y": 0.258}, {"x": 0.866, "y": 0.254}, {"x": 0.866, "y": 0.252}, {"x": 0.86, "y": 0.246}, {"x": 0.86, "y": 0.244}, {"x": 0.848, "y": 0.232}, {"x": 0.848, "y": 0.23}, {"x": 0.822, "y": 0.204}, {"x": 0.82, "y": 0.204}, {"x": 0.808, "y": 0.192}, {"x": 0.806, "y": 0.192}, {"x": 0.798, "y": 0.184}, {"x": 0.796, "y": 0.184}, {"x": 0.79, "y": 0.178}, {"x": 0.788, "y": 0.178}, {"x": 0.782, "y": 0.172}, {"x": 0.78, "y": 0.172}, {"x": 0.774, "y": 0.166}, {"x": 0.772, "y": 0.166}, {"x": 0.768, "y": 0.162}, {"x": 0.766, "y": 0.162}, {"x": 0.762, "y": 0.158}, {"x": 0.76, "y": 0.158}, {"x": 0.756, "y": 0.154}, {"x": 0.754, "y": 0.154}, {"x": 0.75, "y": 0.15}, {"x": 0.748, "y": 0.15}, {"x": 0.744, "y": 0.146}, {"x": 0.742, "y": 0.146}, {"x": 0.738, "y": 0.142}, {"x": 0.736, "y": 0.142}, {"x": 0.734, "y": 0.14}, {"x": 0.732, "y": 0.14}, {"x": 0.73, "y": 0.138}, {"x": 0.728, "y": 0.138}, {"x": 0.724, "y": 0.134}, {"x": 0.722, "y": 0.134}, {"x": 0.72, "y": 0.132}, {"x": 0.718, "y": 0.132}, {"x": 0.716, "y": 0.13}, {"x": 0.714, "y": 0.13}, {"x": 0.712, "y": 0.128}, {"x": 0.71, "y": 0.128}, {"x": 0.708, "y": 0.126}, {"x": 0.706, "y": 0.126}, {"x": 0.704, "y": 0.124}, {"x": 0.702, "y": 0.124}, {"x": 0.7, "y": 0.122}, {"x": 0.698, "y": 0.122}, {"x": 0.696, "y": 0.12}, {"x": 0.694, "y": 0.12}, {"x": 0.692, "y": 0.118}, {"x": 0.69, "y": 0.118}, {"x": 0.688, "y": 0.116}, {"x": 0.686, "y": 0.116}, {"x": 0.684, "y": 0.114}, {"x": 0.682, "y": 0.114}, {"x": 0.68, "y": 0.112}, {"x": 0.676, "y": 0.112}, {"x": 0.674, "y": 0.11}, {"x": 0.672, "y": 0.11}, {"x": 0.67, "y": 0.108}, {"x": 0.666, "y": 0.108}, {"x": 0.664, "y": 0.106}, {"x": 0.662, "y": 0.106}, {"x": 0.66, "y": 0.104}, {"x": 0.658, "y": 0.104}, {"x": 0.656, "y": 0.102}, {"x": 0.652, "y": 0.102}, {"x": 0.65, "y": 0.1}, {"x": 0.644, "y": 0.1}, {"x": 0.642, "y": 0.098}, {"x": 0.636, "y": 0.098}, {"x": 0.634, "y": 0.096}, {"x": 0.63, "y": 0.096}, {"x": 0.628, "y": 0.094}, {"x": 0.624, "y": 0.094}, {"x": 0.622, "y": 0.092}, {"x": 0.614, "y": 0.092}, {"x": 0.612, "y": 0.09}, {"x": 0.606, "y": 0.09}, {"x": 0.604, "y": 0.088}, {"x": 0.6, "y": 0.088}, {"x": 0.598, "y": 0.086}, {"x": 0.592, "y": 0.086}, {"x": 0.59, "y": 0.084}, {"x": 0.582, "y": 0.084}, {"x": 0.58, "y": 0.082}, {"x": 0.572, "y": 0.082}, {"x": 0.57, "y": 0.08}, {"x": 0.564, "y": 0.08}, {"x": 0.562, "y": 0.078}, {"x": 0.554, "y": 0.078}, {"x": 0.552, "y": 0.076}, {"x": 0.54, "y": 0.076}, {"x": 0.538, "y": 0.074}, {"x": 0.52, "y": 0.074}, {"x": 0.518, "y": 0.072}, {"x": 0.502, "y": 0.072}, {"x": 0.5, "y": 0.07}]}], "categories": [{"name": "CONTOURS"}], "mid": "20220524112815SS-20975", "type": "polygon", "jobName": "OBJECT_DETECTION_JOB", "mlTask": "OBJECT_DETECTION", "children": {}}]}, "JOB_0": {"annotations": [{"categories": [{"confidence": 100, "name": "PIN_HOLE_0"}], "jobName": "JOB_0", "mid": "20220524112820SS-71746", "mlTask": "OBJECT_DETECTION", "boundingPoly": [{"normalizedVertices": [{"x": 0.08772417140167153, "y": 0.2985961200193811}, {"x": 0.08772417140167153, "y": 0.26395318347377594}, {"x": 0.12236083079021745, "y": 0.26395318347377594}, {"x": 0.12236083079021745, "y": 0.2985961200193811}]}], "type": "rectangle", "children": {}}, {"categories": [{"confidence": 100, "name": "SCRATCH"}], "jobName": "JOB_0", "mid": "20220524112827SS-31738", "mlTask": "OBJECT_DETECTION", "boundingPoly": [{"normalizedVertices": [{"x": 0.5616995104028261, "y": 0.2949494951198437}, {"x": 0.5616995104028261, "y": 0.25483662122493245}, {"x": 0.6018051160106159, "y": 0.25483662122493245}, {"x": 0.6018051160106159, "y": 0.2949494951198437}]}], "type": "rectangle", "children": {}}]}, "CLASSIFICATION_JOB": {"categories": [{"confidence": 100, "name": "YES"}]}}