external_id,json_response_path
cast_def_0_3050,./labels/cast_def_0_3050.jpeg_predictions.json
cast_ok_0_8466,./labels/cast_ok_0_8466.jpeg_predictions.json
cast_def_0_8519,./labels/cast_def_0_8519.jpeg_predictions.json
cast_def_0_5805,./labels/cast_def_0_5805.jpeg_predictions.json
cast_def_0_0,./labels/cast_def_0_0.jpeg_predictions.json
cast_ok_0_9191,./labels/cast_ok_0_9191.jpeg_predictions.json
cast_ok_0_8580,./labels/cast_ok_0_8580.jpeg_predictions.json
cast_def_0_2973,./labels/cast_def_0_2973.jpeg_predictions.json
cast_ok_0_9260,./labels/cast_ok_0_9260.jpeg_predictions.json
cast_def_0_3179,./labels/cast_def_0_3179.jpeg_predictions.json
